id,construct,train_benchmark,nl,header,truth,chatgpt-FT_0,chatgpt-FT_1,chatgpt-FT_2,chatgpt-FT_3,chatgpt-FT_4
0,find,trainbenchmark-tool-viatra-patterns/src/hu/bme/mit/trainbenchmark/benchmark/viatra/SwitchSet.vql,Active route with GO entry semaphore and misaligned switch position. Misaligned means switch position where the target Switch's current position is different from the SwitchPosition's position.,pattern goRouteMisalignedSwitch(route: Route){,"pattern goRouteMisalignedSwitch(route: Route){
 find goRoute(route);
 Route.follows(route, swP);
 find misalignedSwitchPosition(swP);
}

pattern goRoute(route: Route){
	Route.active(route,true);
	Route.entry(route, semaphore);
	Semaphore.signal(semaphore, Signal::GO);	
}

pattern misalignedSwitchPosition(swP : SwitchPosition){
	SwitchPosition.target(swP, sw);
	SwitchPosition.position(swP, swpPosition);
	Switch.currentPosition(sw, swCurrentPosition);
	swpPosition != swCurrentPosition;
}","pattern goRouteMisalignedSwitch(route: Route){
    Route(route);
    Route.entry(route, entrySemaphore);
    Semaphore.signal(entrySemaphore, Signal::GO);
    find misalignedSwitchPosition(route);
}

//Auxiliary pattern
pattern misalignedSwitchPosition(route: Route){
    Route.follows(route, switchPosition);
    SwitchPosition.position(switchPosition, position);
    SwitchPosition.target(switchPosition, switch);
    Switch.currentPosition(switch, currentPosition);
    currentPosition != position;
}","pattern goRouteMisalignedSwitch(route: Route){
    Route(route);
    Route.entry(route, entrySemaphore);
    Semaphore.signal(entrySemaphore, Signal::GO);
    find misalignedSwitchPosition(route);
}

//Auxiliary pattern
pattern misalignedSwitchPosition(route: Route){
    Route.follows(route, switchPosition);
    SwitchPosition.position(switchPosition, position);
    SwitchPosition.target(switchPosition, switch);
    Switch.currentPosition(switch, currentPosition);
    currentPosition != position;
}","pattern goRouteMisalignedSwitch(route: Route){
    Route(route);
    Route.entry(route, entrySemaphore);
    Semaphore.signal(entrySemaphore, Signal::GO);
    Route.follows(route, switchPosition);
    SwitchPosition.position(switchPosition, Position::DIVERGING);
    SwitchPosition.route(switchPosition, route);
    SwitchPosition.target(switchPosition, targetSwitch);
    Switch.currentPosition(targetSwitch, Position::STRAIGHT);
}","pattern goRouteMisalignedSwitch(route: Route){
    Route.entry(route, entrySemaphore);
    Semaphore.signal(entrySemaphore, Signal::GO);
    find misalignedSwitchPosition(route);
}

//Auxiliary pattern
pattern misalignedSwitchPosition(route: Route){
    Route.follows(route, switchPosition);
    SwitchPosition.position(switchPosition, position);
    SwitchPosition.target(switchPosition, targetSwitch);
    Switch.currentPosition(targetSwitch, currentPosition);
    currentPosition != position;
}","pattern goRouteMisalignedSwitch(route: Route){
    Route(route);
    Route.active(route, true);
    Route.entry(route, entrySemaphore);
    Semaphore.signal(entrySemaphore, Signal::GO);
    find misalignedSwitchPosition(route);
}

//Auxiliary pattern
pattern misalignedSwitchPosition(route: Route){
    Route.follows(route, switchPosition);
    SwitchPosition.position(switchPosition, position);
    SwitchPosition.target(switchPosition, targetSwitch);
    Switch.currentPosition(targetSwitch, currentPosition);
    Position::FAILURE != position;
}"
1,find,trainbenchmark-tool-viatra-patterns/src/hu/bme/mit/trainbenchmark/benchmark/viatra/ConnectedSegments.vql,Six segments monitored by with the same sensor. Each segment is connected to the next one.,"pattern connectedSegments6(sensor : Sensor, segment1 : Segment, segment2 : Segment, segment3 : Segment, segment4 : Segment, segment5 : Segment, segment6 : Segment){","pattern connectedSegments6(sensor : Sensor, segment1 : Segment, segment2 : Segment, segment3 : Segment, segment4 : Segment, segment5 : Segment, segment6 : Segment){
    find connectedSegmentWithSameMonitor(segment1, segment2, sensor);
    find connectedSegmentWithSameMonitor(segment2, segment3, sensor);
    find connectedSegmentWithSameMonitor(segment3, segment4, sensor);
    find connectedSegmentWithSameMonitor(segment4, segment5, sensor);
    find connectedSegmentWithSameMonitor(segment5, segment6, sensor);

}
pattern connectedSegmentWithSameMonitor(segment1: Segment, segment2: Segment, sensor: Sensor){
    Segment.connectsTo(segment1,segment2);
    Segment.monitoredBy(segment1,sensor);
    Segment.monitoredBy(segment2,sensor);
}","pattern connectedSegments6(sensor : Sensor, segment1 : Segment, segment2 : Segment, segment3 : Segment, segment4 : Segment, segment5 : Segment, segment6 : Segment){
    Sensor.monitors(sensor, segment1);
    Sensor.monitors(sensor, segment2);
    Sensor.monitors(sensor, segment3);
    Sensor.monitors(sensor, segment4);
    Sensor.monitors(sensor, segment5);
    Sensor.monitors(sensor, segment6);
    Segment.connectsTo(segment1, segment2);
    Segment.connectsTo(segment2, segment3);
    Segment.connectsTo(segment3, segment4);
    Segment.connectsTo(segment4, segment5);
    Segment.connectsTo(segment5, segment6);
}","pattern connectedSegments6(sensor : Sensor, segment1 : Segment, segment2 : Segment, segment3 : Segment, segment4 : Segment, segment5 : Segment, segment6 : Segment){
    Sensor.monitors(sensor, segment1);
    Sensor.monitors(sensor, segment2);
    Sensor.monitors(sensor, segment3);
    Sensor.monitors(sensor, segment4);
    Sensor.monitors(sensor, segment5);
    Sensor.monitors(sensor, segment6);
    Segment.connectsTo(segment1, segment2);
    Segment.connectsTo(segment2, segment3);
    Segment.connectsTo(segment3, segment4);
    Segment.connectsTo(segment4, segment5);
    Segment.connectsTo(segment5, segment6);
}","pattern connectedSegments6(sensor : Sensor, segment1 : Segment, segment2 : Segment, segment3 : Segment, segment4 : Segment, segment5 : Segment, segment6 : Segment){
    Sensor.monitors(sensor, segment1);
    Sensor.monitors(sensor, segment2);
    Sensor.monitors(sensor, segment3);
    Sensor.monitors(sensor, segment4);
    Sensor.monitors(sensor, segment5);
    Sensor.monitors(sensor, segment6);
    Segment.connectsTo(segment1, segment2);
    Segment.connectsTo(segment2, segment3);
    Segment.connectsTo(segment3, segment4);
    Segment.connectsTo(segment4, segment5);
    Segment.connectsTo(segment5, segment6);
}","pattern connectedSegments6(sensor : Sensor, segment1 : Segment, segment2 : Segment, segment3 : Segment, segment4 : Segment, segment5 : Segment, segment6 : Segment){
    Sensor.monitors(sensor, segment1);
    Sensor.monitors(sensor, segment2);
    Sensor.monitors(sensor, segment3);
    Sensor.monitors(sensor, segment4);
    Sensor.monitors(sensor, segment5);
    Sensor.monitors(sensor, segment6);
    Segment.connectsTo(segment1, segment2);
    Segment.connectsTo(segment2, segment3);
    Segment.connectsTo(segment3, segment4);
    Segment.connectsTo(segment4, segment5);
    Segment.connectsTo(segment5, segment6);
}","pattern connectedSegments6(sensor : Sensor, segment1 : Segment, segment2 : Segment, segment3 : Segment, segment4 : Segment, segment5 : Segment, segment6 : Segment){
    Sensor.monitors(sensor, segment1);
    Sensor.monitors(sensor, segment2);
    Sensor.monitors(sensor, segment3);
    Sensor.monitors(sensor, segment4);
    Sensor.monitors(sensor, segment5);
    Sensor.monitors(sensor, segment6);
    Segment.connectsTo(segment1, segment2);
    Segment.connectsTo(segment2, segment3);
    Segment.connectsTo(segment3, segment4);
    Segment.connectsTo(segment4, segment5);
    Segment.connectsTo(segment5, segment6);
}"
2,or,,Semaphores with STOP or GO signals.,pattern stopOrGo(semaphore: Semaphore){,"pattern stopOrGo(semaphore: Semaphore){
    Semaphore.signal(semaphore, Signal::GO);
} or {
    Semaphore.signal(semaphore, Signal::STOP);
}","pattern stopOrGo(semaphore: Semaphore){
    Semaphore.signal(semaphore, Signal::STOP);
} or {
    Semaphore.signal(semaphore, Signal::GO);
}","pattern stopOrGo(semaphore: Semaphore){
    Semaphore.signal(semaphore, Signal::STOP);
} or {
    Semaphore.signal(semaphore, Signal::GO);
}","pattern stopOrGo(semaphore: Semaphore){
    Semaphore.signal(semaphore, Signal::STOP);
} or {
    Semaphore.signal(semaphore, Signal::GO);
}","pattern stopOrGo(semaphore: Semaphore){
    Semaphore.signal(semaphore, Signal::STOP);
} or {
    Semaphore.signal(semaphore, Signal::GO);
}","pattern stopOrGo(semaphore: Semaphore){
    Semaphore.signal(semaphore,Signal::STOP);
} or {
    Semaphore.signal(semaphore,Signal::GO);
}"
3,or,,TrackElements that are either connected or monitored by the same sensor.,"pattern relatedTrackElements(track1: TrackElement, track2: TrackElement){","pattern relatedTrackElements(track1: TrackElement, track2: TrackElement){
    TrackElement.monitoredBy(track1, sensor);
    TrackElement.monitoredBy(track2, sensor);
} or {
    TrackElement.connectsTo(track1,track2);
}","pattern relatedTrackElements(track1: TrackElement, track2: TrackElement){
    TrackElement.connectsTo(track1,element);
    TrackElement.connectsTo(track2,element);
} or {
    TrackElement.monitoredBy(track1,sensor);
    TrackElement.monitoredBy(track2,sensor);
}","pattern relatedTrackElements(track1: TrackElement, track2: TrackElement){
    TrackElement.connectsTo(track1,track2);
} or {
    TrackElement.monitoredBy(track1,sensor);
    TrackElement.monitoredBy(track2,sensor);
}","pattern relatedTrackElements(track1: TrackElement, track2: TrackElement){
    TrackElement.connectsTo(track1,element);
    TrackElement.connectsTo(track2,element);
} or {
    TrackElement.monitoredBy(track1,sensor);
    TrackElement.monitoredBy(track2,sensor);
}","pattern relatedTrackElements(track1: TrackElement, track2: TrackElement){
    TrackElement.connectsTo(track1,element);
    TrackElement.connectsTo(track2,element);
} or {
    TrackElement.monitoredBy(track1,sensor);
    TrackElement.monitoredBy(track2,sensor);
}","pattern relatedTrackElements(track1: TrackElement, track2: TrackElement){
    TrackElement.connectsTo(track1,element);
    TrackElement.connectsTo(track2,element);
} or {
    TrackElement.monitoredBy(track1,sensor);
    TrackElement.monitoredBy(track2,sensor);
}"
4,neg,trainbenchmark-tool-viatra-patterns/src/hu/bme/mit/trainbenchmark/benchmark/viatra/SwitchMonitored.vql,Switches not monitored by a sensor.,pattern switchNotMonitored(sw : Switch){,"pattern switchNotMonitored(sw : Switch){
    neg find hasSensor(sw);
}
//auxiliary pattern
pattern hasSensor(sw : Switch){
    TrackElement.monitoredBy(sw, _);
}","pattern switchNotMonitored(sw : Switch){
    Switch.monitoredBy(sw,_);
    neg find hasSensor(sw);
}

//auxiliary pattern
pattern hasSensor(element : RailwayElement){
    Sensor.monitors(_,element);
}","pattern switchNotMonitored(sw : Switch){
    Switch.monitoredBy(sw, _);
}","pattern switchNotMonitored(sw : Switch){
    Switch.monitoredBy(sw,_);
}","pattern switchNotMonitored(sw : Switch){
    Switch.monitoredBy(sw,_);
}","pattern switchNotMonitored(sw : Switch){
    Switch.monitoredBy(sw, _);
    neg find monitoredSwitch(sw);
}

//Auxiliary pattern
pattern monitoredSwitch(sw : Switch){
    Switch.monitoredBy(sw, _);
}"
5,neg,trainbenchmark-tool-viatra-patterns/src/hu/bme/mit/trainbenchmark/benchmark/viatra/RouteSensor.vql,Retrieve sensors that monitor a switch. The switch position that target that switch is followed by a route. That sensor is not required by the route.,"pattern notRequiredRouteSensor(route : Route, sensor : Sensor, swP : SwitchPosition, sw : Switch){","pattern notRequiredRouteSensor(route : Route, sensor : Sensor, swP : SwitchPosition, sw : Switch){
    Route.follows(route, swP);
    SwitchPosition.target(swP, sw);
    TrackElement.monitoredBy(sw, sensor);
    neg find required(sensor, route);
}
//auxiliary pattern
pattern required(sensor : Sensor, route : Route){
    Route.requires(route, sensor);
}","pattern notRequiredRouteSensor(route : Route, sensor : Sensor, swP : SwitchPosition, sw : Switch){
    Route.requires(route, sensor);
    SwitchPosition.route(swP, route);
    SwitchPosition.target(swP, sw);
    Sensor.monitors(sensor, sw);
}","pattern notRequiredRouteSensor(route : Route, sensor : Sensor, swP : SwitchPosition, sw : Switch){
    Route.requires(route, sensor);
    SwitchPosition.route(swP, route);
    SwitchPosition.target(swP, sw);
    Sensor.monitors(sensor, sw);
}","pattern notRequiredRouteSensor(route : Route, sensor : Sensor, swP : SwitchPosition, sw : Switch){
    Route.requires(route, sensor);
    SwitchPosition.route(swP, route);
    SwitchPosition.target(swP, sw);
    Sensor.monitors(sensor, sw);
}","pattern notRequiredRouteSensor(route : Route, sensor : Sensor, swP : SwitchPosition, sw : Switch){
    Route.requires(route, sensor);
    SwitchPosition.route(swP, route);
    SwitchPosition.target(swP, sw);
    Sensor.monitors(sensor, sw);
}","pattern notRequiredRouteSensor(route : Route, sensor : Sensor, swP : SwitchPosition, sw : Switch){
    Route.requires(route, sensor);
    SwitchPosition.route(swP, route);
    SwitchPosition.target(swP, sw);
    Sensor.monitors(sensor, sw);
}"
6,agg,,Total length of segments.,pattern totalLength(length: java Integer){,"pattern totalLength(length: java Integer){
    length == sum find segmentLength(_,#);
}
pattern segmentLength(segment: Segment, length: java Integer){
    Segment.length(segment, length);
}","pattern totalLength(length: java Integer){
    length == sum find segmentLength(_, #);
}

//Auxiliary pattern
pattern segmentLength(segment: Segment, segmentLength: java Integer){
    Segment.length(segment, segmentLength);
}","pattern totalLength(length: java Integer){
    length == sum find segmentLength(_, #);
}

//Auxiliary pattern
pattern segmentLength(segment: Segment, segmentLength: java Integer){
    Segment.length(segment, segmentLength);
}","pattern totalLength(length: java Integer){
    length == sum find segmentLength(_, #);
}

//Auxiliary pattern
pattern segmentLength(segment: Segment, segmentLength: java Integer){
    Segment.length(segment, segmentLength);
}","pattern totalLength(length: java Integer){
    length == sum find segmentLength(_, #);
}

//Auxiliary pattern
pattern segmentLength(segment: Segment, length: java Integer){
    Segment.length(segment, length);
}","pattern totalLength(length: java Integer){
    length == sum find segmentLength(_, #);
}

//Auxiliary pattern
pattern segmentLength(segment: Segment, segmentLength: java Integer){
    Segment.length(segment, segmentLength);
}"
7,agg,,Track elements monitored by at lest two sensors.,pattern monitoredBy2Sensors(track: TrackElement){,"pattern monitoredBy2Sensors(track: TrackElement){
    cnt == count find trackMonitoredBy(track, _);
    check(cnt >= 2);
}
pattern trackMonitoredBy(track: TrackElement, sensor: Sensor){
    TrackElement.monitoredBy(track, sensor);
}","pattern monitoredBy2Sensors(track: TrackElement){
    cnt == count find sensorsMonitoringTrack(track, _);
    check(cnt>=2);
}

//Auxiliary pattern
pattern sensorsMonitoringTrack(track: TrackElement, sensor: Sensor){
    TrackElement.monitoredBy(track, sensor);
}","pattern monitoredBy2Sensors(track: TrackElement){
    cnt == count find sensorsMonitoringTrack(track, _);
    check(cnt>=2);
}

//Auxiliary pattern
pattern sensorsMonitoringTrack(track: TrackElement, sensor: Sensor){
    TrackElement.monitoredBy(track, sensor);
}","pattern monitoredBy2Sensors(track: TrackElement){
    cnt == count find sensorsMonitoringTrack(track, _);
    check(cnt>=2);
}

//Auxiliary pattern
pattern sensorsMonitoringTrack(track: TrackElement, sensor: Sensor){
    TrackElement.monitoredBy(track, sensor);
}","pattern monitoredBy2Sensors(track: TrackElement){
    cnt == count find sensorsMonitoringTrack(track, _);
    check(cnt>=2);
}

//Auxiliary pattern
pattern sensorsMonitoringTrack(track: TrackElement, sensor: Sensor){
    TrackElement.monitoredBy(track, sensor);
}","pattern monitoredBy2Sensors(track: TrackElement){
    cnt == count find sensorsMonitoringTrack(track, _);
    check(cnt>=2);
}

//Auxiliary pattern
pattern sensorsMonitoringTrack(track: TrackElement, sensor: Sensor){
    TrackElement.monitoredBy(track, sensor);
}"
8,type,,RailwayElements that are either Switches or SwitchPositions.,pattern switchOrSwitchPositionRailwayElemements(raliway: RailwayElement){,"pattern switchOrSwitchPositionRailwayElemements(raliway: RailwayElement){
    Switch(raliway);
} or {
    SwitchPosition(raliway);
}","pattern switchOrSwitchPositionRailwayElemements(raliway: RailwayElement){
    Switch(raliway);
} or {
    SwitchPosition(raliway);
}","pattern switchOrSwitchPositionRailwayElemements(raliway: RailwayElement){
    Switch(raliway);
} or {
    SwitchPosition(raliway);
}","pattern switchOrSwitchPositionRailwayElemements(raliway: RailwayElement){
    Switch(raliway);
} or {
    SwitchPosition(raliway);
}","pattern switchOrSwitchPositionRailwayElemements(raliway: RailwayElement){
    Switch(raliway);
} or {
    SwitchPosition(raliway);
}","pattern switchOrSwitchPositionRailwayElemements(raliway: RailwayElement){
    Switch(raliway);
} or {
    SwitchPosition(raliway);
}"
9,type,,Railway elements that are Switches.,pattern switchRailwayElements(railway: RailwayElement){,"pattern switchRailwayElements(railway: RailwayElement){
    Switch(railway);
}","pattern switchRailwayElements(railway: RailwayElement){
    Switch(railway);
}","pattern switchRailwayElements(railway: RailwayElement){
    Switch(railway);
}","pattern switchRailwayElements(railway: RailwayElement){
    Switch(railway);
}","pattern switchRailwayElements(railway: RailwayElement){
    Switch(railway);
}","pattern switchRailwayElements(railway: RailwayElement){
    Switch(railway);
}"
10,normal,,Active routes with entry GO semaphore.,pattern goActiveRoute(route: Route){,"pattern goActiveRoute(route: Route){
    Route.active(route,true);
    Route.entry(route, semaphore);
    Semaphore.signal(semaphore, Signal::GO);    
}","pattern goActiveRoute(route: Route){
    Route.entry(route, entrySemaphore);
    Semaphore.signal(entrySemaphore, Signal::GO);
    Route.active(route, true);
}","pattern goActiveRoute(route: Route){
    Route.entry(route, entrySemaphore);
    Semaphore.signal(entrySemaphore, Signal::GO);
    Route.active(route, true);
}","pattern goActiveRoute(route: Route){
    Route.entry(route, entrySemaphore);
    Semaphore.signal(entrySemaphore, Signal::GO);
    Route.active(route, true);
}","pattern goActiveRoute(route: Route){
    Route(route);
    Route.active(route, true);
    Route.entry(route, semaphore);
    Semaphore.signal(semaphore, Signal::GO);
}","pattern goActiveRoute(route: Route){
    Route(route);
    Route.active(route, true);
    Route.entry(route, semaphore);
    Semaphore.signal(semaphore, Signal::GO);
}"
11,normal,trainbenchmark-tool-viatra-patterns/src/hu/bme/mit/trainbenchmark/benchmark/viatra/PosLength.vql,Retrieve all segments whose lengths are less or equal than zero.,pattern posLength(segment : Segment){,"pattern posLength(segment : Segment){
    Segment.length(segment, length);
    check(length <= 0);
}","pattern posLength(segment : Segment){
    Segment.length(segment, length);
    check(length <= 0);
}","pattern posLength(segment : Segment){
    Segment.length(segment, length);
    check(length <= 0);
}","pattern posLength(segment : Segment){
    Segment.length(segment, length);
    check(length <= 0);
}","pattern posLength(segment : Segment){
    Segment.length(segment, length);
    check(length <= 0);
}","pattern posLength(segment : Segment){
    Segment.length(segment, length);
    check(length <= 0);
}"
12,normal,,SwitchPositions where the target Switch's current position is different from the SwitchPosition's position.,pattern misalignedSwitchPosition(swP : SwitchPosition){,"pattern misalignedSwitchPosition(swP : SwitchPosition){
    SwitchPosition.target(swP, sw);
    SwitchPosition.position(swP, swpPosition);
    Switch.currentPosition(sw, swCurrentPosition);
    swpPosition != swCurrentPosition;
}","pattern misalignedSwitchPosition(swP : SwitchPosition){
    SwitchPosition.position(swP, pos);
    SwitchPosition.target(swP, sw);
    neg find currentSwitchPosition(sw, pos);
}

//auxiliary pattern
pattern currentSwitchPosition(sw : Switch, pos : Position){
    Switch.currentPosition(sw, pos);
}","pattern misalignedSwitchPosition(swP : SwitchPosition){
    SwitchPosition.position(swP, pos);
    SwitchPosition.target(swP, sw);
    Switch.currentPosition(sw, currentPos);
    check(currentPos != pos);
}","pattern misalignedSwitchPosition(swP : SwitchPosition){
    SwitchPosition.position(swP, pos);
    SwitchPosition.target(swP, sw);
    Switch.currentPosition(sw, currentPos);
    check(currentPos != pos);
}","pattern misalignedSwitchPosition(swP : SwitchPosition){
    SwitchPosition.position(swP, pos);
    SwitchPosition.target(swP, sw);
    Switch.currentPosition(sw, currentPos);
    check(currentPos != pos);
}","pattern misalignedSwitchPosition(swP : SwitchPosition){
    SwitchPosition(swP);
    SwitchPosition.position(swP, pos);
    SwitchPosition.target(swP, sw);
    Switch.currentPosition(sw, currentPos);
    check(currentPos != pos);
}"
13,mix,,"Regions where the sum of segments lengths is at least 50, or regions with at least 10 sensors.",pattern bigRegion(region: Region){,"pattern bigRegion(region: Region){
    length == sum find trackLengthInRegion(region, _,#);
    check(length >= 50);
} or {
    cnt == count find sensorInRegion(region, _);
    check(cnt >= 10);
}
pattern trackLengthInRegion(region: Region, track: Segment, length: EInt){
    Region.elements(region,track);
    Segment.length(track,length);
}
pattern sensorInRegion(region:Region, sensor: Sensor){
    Region.sensors(region,sensor);
}","pattern bigRegion(region: Region){
    Region(region);
    check(
        sumOfSegmentLengths(region, _) >= 50
        || countSensorsInRegion(region, _) >= 10
    );
}

//Auxiliary pattern
pattern sumOfSegmentLengths(region: Region, totalLength: java int){
    totalLength == sum find segmentLengthInRegion(region, _);
}

//Auxiliary pattern
pattern segmentLengthInRegion(region: Region, length: java int){
    Region.elements(region, segment);
    Segment.length(segment, length);
}

//Auxiliary pattern
pattern countSensorsInRegion(region: Region, cnt: java int){
    cnt == count find sensorsInRegion(region, _);
}

//Auxiliary pattern
pattern sensorsInRegion(region: Region, sensor: Sensor){
    Region.sensors(region, sensor);
}","pattern bigRegion(region: Region){
    Region(region);
    check(sumOfSegmentLengths(region) >= 50 || countSensors(region) >= 10);
}

//Auxiliary pattern
pattern sumOfSegmentLengths(region: Region){
    Region.elements(region, segment);
    Segment.length(segment, length);
    check(length >= 0);
}

//Auxiliary pattern
pattern countSensors(region: Region){
    Region.sensors(region, _);
}","pattern bigRegion(region: Region){
    Region(region);
    check(
        sumOfSegmentLengths(region, _) >= 50
        or countSensors(region, _) >= 10
    );
}

//Auxiliary pattern
pattern sumOfSegmentLengths(region: Region, length: java int){
    length == sum seg.length | Region.elements(region, seg); Segment.length(seg, length);
}

//Auxiliary pattern
pattern countSensors(region: Region, cnt: java int){
    cnt == count Region.sensors(region, _);
}","pattern bigRegion(region: Region){
    Region(region);
    check(sumOfSegmentLengths(region) >= 50 || numberOfSensors(region) >= 10);
}

//Auxiliary pattern 1
pattern sumOfSegmentLengths(region: Region){
    Region.elements(region, segment);
    Segment.length(segment, length);
    check(length > 0);
}

//Auxiliary pattern 2
pattern numberOfSensors(region: Region){
    Region.sensors(region, sensor);
    cntSensors == count find sensorsInRegion(region, _);
    check(cntSensors >= 10);
}

//Auxiliary pattern 3
pattern sensorsInRegion(region: Region, sensor: Sensor){
    Region.sensors(region, sensor);
}","pattern bigRegion(region: Region){
    Region(region);
    check(
        bigRegionLength(region) || bigRegionSensors(region)
    );
}

//Auxiliary pattern
pattern bigRegionLength(region: Region){
    Region.elements(region, segment);
    Segment.length(segment, length);
    check(length>=50);
}

//Auxiliary pattern
pattern bigRegionSensors(region: Region){
    Region.sensors(region, sensor);
    cntSensors == count find sensorsInRegion(region, _);
    check(cntSensors>=10);
}

//Auxiliary pattern
pattern sensorsInRegion(region: Region, sensor: Sensor){
    Region.sensors(region, sensor);
}"
14,mix,,Segments that are at least 7 units long or are switches.,pattern sevenSegmentOrSwitch(track: TrackElement){,"pattern sevenSegmentOrSwitch(track: TrackElement){
    Switch(track);
} or {
    Segment.length(track, length);
    check(length >= 7);
}","pattern sevenSegmentOrSwitch(track: TrackElement){
    Segment.length(track, length);
    check(length>=7);
} or {
    Switch(track);
}","pattern sevenSegmentOrSwitch(track: TrackElement){
    Segment.length(track, length);
    check(length>=7);
} or {
    Switch(track);
}","pattern sevenSegmentOrSwitch(track: TrackElement){
    Segment.length(track, length);
    check(length>=7);
} or {
    Switch(track);
}","pattern sevenSegmentOrSwitch(track: TrackElement){
    Segment.length(track, length);
    check(length>=7);
} or {
    Switch(track);
}","pattern sevenSegmentOrSwitch(track: TrackElement){
    Segment.length(track, length);
    check(length>=7);
} or {
    Switch(track);
}"
15,mix,,Active route whose entry is a GO semaphore but not monitored by any sensor.,pattern dangerousRoute(route: Route){,"pattern dangerousRoute(route: Route){
        find activeRouteWithGO(route);
        neg find routeMonitroedBy(route,_);
}
pattern routeMonitroedBy(route: Route, sensor: Sensor){
    Route.requires(route, sensor);
}
pattern activeRouteWithGO(route: Route){
    Route.active(route, true);
    Route.entry(route, entry);
    Semaphore.signal(entry, ::GO);
}","pattern dangerousRoute(route: Route){
    Route.active(route, true);
    Route.entry(route, semaphore);
    Semaphore.signal(semaphore, Signal::GO);
    neg find monitoredRouteSensor(route, _);
}

//auxiliary pattern
pattern monitoredRouteSensor(route: Route, sensor: Sensor){
    Route.requires(route, sensor);
}","pattern dangerousRoute(route: Route){
    Route.active(route, true);
    Route.entry(route, semaphore);
    Semaphore.signal(semaphore, Signal::GO);
    neg find monitoredRouteSensor(route, _);
}

//auxiliary pattern
pattern monitoredRouteSensor(route: Route, sensor: Sensor){
    Route.requires(route, sensor);
}","pattern dangerousRoute(route: Route){
    Route.active(route, true);
    Route.entry(route, semaphore);
    Semaphore.signal(semaphore, Signal::GO);
    neg find monitoredRouteSensor(route, _);
}

//auxiliary pattern
pattern monitoredRouteSensor(route: Route, sensor: Sensor){
    Route.requires(route, sensor);
}","pattern dangerousRoute(route: Route){
    Route.active(route, true);
    Route.entry(route, entrySemaphore);
    Semaphore.signal(entrySemaphore, Signal::GO);
    neg find monitoredRouteSensor(route, _);
}

//auxiliary pattern
pattern monitoredRouteSensor(route: Route, sensor: Sensor){
    Route.requires(route, sensor);
}","pattern dangerousRoute(route: Route){
    Route.active(route, true);
    Route.entry(route, semaphore);
    Semaphore.signal(semaphore, Signal::GO);
    neg find monitoredRouteSensor(route, _);
}

//auxiliary pattern
pattern monitoredRouteSensor(route: Route, sensor: Sensor){
    Route.requires(route, sensor);
}"
16,neg,https://github.com/ftsrg/trainbenchmark/blob/master/trainbenchmark-tool-viatra-patterns/src/hu/bme/mit/trainbenchmark/benchmark/viatra/SemaphoreNeighbor.vql,"Two different routes where the exit semaphore of a route is not the entry semaphore of the other. Each route requires a sensor, and the sensors monitor connected tracks.","pattern semaphoreNeighbor(semaphore: Semaphore, route1: Route, route2: Route, sensor1: Sensor, sensor2: Sensor, te1: TrackElement, te2: TrackElement){","pattern semaphoreNeighbor(semaphore: Semaphore, route1: Route, route2: Route, sensor1: Sensor, sensor2: Sensor, te1: TrackElement, te2: TrackElement){
       Route.exit(route1, semaphore);
	Route.requires(route1, sensor1);
	TrackElement.monitoredBy(te1, sensor1);
	TrackElement.connectsTo(te1, te2);
	TrackElement.monitoredBy(te2, sensor2);
	Route.requires(route2, sensor2);
	
	neg find entrySemaphore(route2, semaphore);

	route1 != route2;
}

pattern entrySemaphore(route: Route, semaphore: Semaphore)
{
	Route.entry(route, semaphore);
}","pattern semaphoreNeighbor(semaphore: Semaphore, route1: Route, route2: Route, sensor1: Sensor, sensor2: Sensor, te1: TrackElement, te2: TrackElement){
    Route.exit(route1, semaphore);
    Route.entry(route2, semaphore);
    Route.requires(route1, sensor1);
    Route.requires(route2, sensor2);
    Sensor.monitors(sensor1, te1);
    Sensor.monitors(sensor2, te2);
    TrackElement.connectsTo(te1, te2);
}","pattern semaphoreNeighbor(semaphore: Semaphore, route1: Route, route2: Route, sensor1: Sensor, sensor2: Sensor, te1: TrackElement, te2: TrackElement){
    Route.exit(route1, semaphore);
    Route.entry(route2, semaphore);
    Route.requires(route1, sensor1);
    Route.requires(route2, sensor2);
    Sensor.monitors(sensor1, te1);
    Sensor.monitors(sensor2, te2);
    TrackElement.connectsTo(te1, te2);
}","pattern semaphoreNeighbor(semaphore: Semaphore, route1: Route, route2: Route, sensor1: Sensor, sensor2: Sensor, te1: TrackElement, te2: TrackElement){
    Route.exit(route1, semaphore);
    Route.entry(route2, semaphore);
    Route.requires(route1, sensor1);
    Route.requires(route2, sensor2);
    Sensor.monitors(sensor1, te1);
    Sensor.monitors(sensor2, te2);
    TrackElement.connectsTo(te1, te2);
}","pattern semaphoreNeighbor(semaphore: Semaphore, route1: Route, route2: Route, sensor1: Sensor, sensor2: Sensor, te1: TrackElement, te2: TrackElement){
    Route.exit(route1, semaphore);
    Route.entry(route2, semaphore);
    Route.requires(route1, sensor1);
    Route.requires(route2, sensor2);
    Sensor.monitors(sensor1, te1);
    Sensor.monitors(sensor2, te2);
    TrackElement.connectsTo(te1, te2);
}","pattern semaphoreNeighbor(semaphore: Semaphore, route1: Route, route2: Route, sensor1: Sensor, sensor2: Sensor, te1: TrackElement, te2: TrackElement){
    Route.exit(route1, semaphore);
    Route.entry(route2, semaphore);
    Route.requires(route1, sensor1);
    Route.requires(route2, sensor2);
    Sensor.monitors(sensor1, te1);
    Sensor.monitors(sensor2, te2);
    TrackElement.connectsTo(te1, te2);
}"
