id,construct,train_benchmark,nl,header,truth,chatgpt_fs_0,chatgpt_fs_1,chatgpt_fs_2,chatgpt_fs_3,chatgpt_fs_4
0,find,trainbenchmark-tool-viatra-patterns/src/hu/bme/mit/trainbenchmark/benchmark/viatra/SwitchSet.vql,Active route with GO entry semaphore and misaligned switch position. Misaligned means switch position where the target Switch's current position is different from the SwitchPosition's position.,pattern goRouteMisalignedSwitch(route: Route){,"pattern goRouteMisalignedSwitch(route: Route){
 find goRoute(route);
 Route.follows(route, swP);
 find misalignedSwitchPosition(swP);
}

pattern goRoute(route: Route){
	Route.active(route,true);
	Route.entry(route, semaphore);
	Semaphore.signal(semaphore, Signal::GO);	
}

pattern misalignedSwitchPosition(swP : SwitchPosition){
	SwitchPosition.target(swP, sw);
	SwitchPosition.position(swP, swpPosition);
	Switch.currentPosition(sw, swCurrentPosition);
	swpPosition != swCurrentPosition;
}","pattern goRouteMisalignedSwitch(route: Route, semaphore: Semaphore, switchPosition: SwitchPosition){
    Route.active(route, true);
    Route.entry(route, semaphore);
    Semaphore.signal(semaphore, Signal::GO);
    SwitchPosition.position(switchPosition, Position::DIVERGING);
    SwitchPosition.route(switchPosition, route);
    SwitchPosition.target(switchPosition, targetSwitch);
    Switch.currentPosition(targetSwitch, currentPosition);
    check(currentPosition != Position::DIVERGING);
}","pattern goRouteMisalignedSwitch(route: Route) {
    Route.active(route, true);
    Route.entry(route, entrySemaphore);
    Semaphore.signal(entrySemaphore, Signal::GO);
    Route.follows(route, switchPosition);
    SwitchPosition.target(switchPosition, targetSwitch);
    SwitchPosition.position(switchPosition, switchPositionPosition);
    Switch.currentPosition(targetSwitch, currentSwitchPosition);
    check(currentSwitchPosition != switchPositionPosition);
}","pattern goRouteMisalignedSwitch(route: Route, semaphore: Semaphore, switchPosition: SwitchPosition) {
    Route.active(route, true);
    Route.entry(route, semaphore);
    Semaphore.signal(semaphore, Signal::GO);
    SwitchPosition.position(switchPosition, Position::DIVERGING);
    SwitchPosition.route(switchPosition, route);
    SwitchPosition.target(switchPosition, targetSwitch);
    Switch.currentPosition(targetSwitch, currentPosition);
    Position.from(currentPosition, currentPositionValue);
    Position.from(Position::STRAIGHT, straightPositionValue);
    currentPositionValue != straightPositionValue;
}","pattern goRouteMisalignedSwitch(route: Route){
    Route.active(route, true);
    Route.entry(route, entrySemaphore);
    Semaphore.signal(entrySemaphore, Signal::GO);
    Route.follows(route, switchPosition);
    SwitchPosition.target(switchPosition, targetSwitch);
    SwitchPosition.position(switchPosition, switchPositionPosition);
    Switch.currentPosition(targetSwitch, currentPosition);
    check(currentPosition != switchPositionPosition);
}","pattern goRouteMisalignedSwitch(route: Route){
    Route.active(route, true);
    Route.entry(route, entry);
    Semaphore.signal(entry, Signal::GO);
    Route.follows(route, switchPos);
    SwitchPosition.position(switchPos, pos);
    SwitchPosition.target(switchPos, targetSwitch);
    Switch.currentPosition(targetSwitch, currentPos);
    check(currentPos != pos);
}"
1,find,trainbenchmark-tool-viatra-patterns/src/hu/bme/mit/trainbenchmark/benchmark/viatra/ConnectedSegments.vql,Six segments monitored by with the same sensor. Each segment is connected to the next one.,"pattern connectedSegments6(sensor : Sensor, segment1 : Segment, segment2 : Segment, segment3 : Segment, segment4 : Segment, segment5 : Segment, segment6 : Segment){","pattern connectedSegments6(sensor : Sensor, segment1 : Segment, segment2 : Segment, segment3 : Segment, segment4 : Segment, segment5 : Segment, segment6 : Segment){
    find connectedSegmentWithSameMonitor(segment1, segment2, sensor);
    find connectedSegmentWithSameMonitor(segment2, segment3, sensor);
    find connectedSegmentWithSameMonitor(segment3, segment4, sensor);
    find connectedSegmentWithSameMonitor(segment4, segment5, sensor);
    find connectedSegmentWithSameMonitor(segment5, segment6, sensor);

}
pattern connectedSegmentWithSameMonitor(segment1: Segment, segment2: Segment, sensor: Sensor){
    Segment.connectsTo(segment1,segment2);
    Segment.monitoredBy(segment1,sensor);
    Segment.monitoredBy(segment2,sensor);
}","pattern connectedSegments6(sensor : Sensor, segment1 : Segment, segment2 : Segment, segment3 : Segment, segment4 : Segment, segment5 : Segment, segment6 : Segment){
    TrackElement.monitoredBy(segment1, sensor);
    TrackElement.monitoredBy(segment2, sensor);
    TrackElement.monitoredBy(segment3, sensor);
    TrackElement.monitoredBy(segment4, sensor);
    TrackElement.monitoredBy(segment5, sensor);
    TrackElement.monitoredBy(segment6, sensor);

    TrackElement.connectsTo(segment1, segment2);
    TrackElement.connectsTo(segment2, segment3);
    TrackElement.connectsTo(segment3, segment4);
    TrackElement.connectsTo(segment4, segment5);
    TrackElement.connectsTo(segment5, segment6);
}","pattern connectedSegments6(sensor : Sensor, segment1 : Segment, segment2 : Segment, segment3 : Segment, segment4 : Segment, segment5 : Segment, segment6 : Segment){
    find sameSensor(sensor, segment1);
    Segment.connectsTo(segment1, segment2);
    Segment.connectsTo(segment2, segment3);
    Segment.connectsTo(segment3, segment4);
    Segment.connectsTo(segment4, segment5);
    Segment.connectsTo(segment5, segment6);
}

//Auxiliary pattern
pattern sameSensor(sensor: Sensor, segment: Segment){
    Sensor.monitors(sensor, segment);
}","pattern connectedSegments6(sensor : Sensor, segment1 : Segment, segment2 : Segment, segment3 : Segment, segment4 : Segment, segment5 : Segment, segment6 : Segment){
    Segment.monitoredBy(segment1, sensor);
    Segment.monitoredBy(segment2, sensor);
    Segment.monitoredBy(segment3, sensor);
    Segment.monitoredBy(segment4, sensor);
    Segment.monitoredBy(segment5, sensor);
    Segment.monitoredBy(segment6, sensor);

    Segment.connectsTo(segment1, segment2);
    Segment.connectsTo(segment2, segment3);
    Segment.connectsTo(segment3, segment4);
    Segment.connectsTo(segment4, segment5);
    Segment.connectsTo(segment5, segment6);
}","pattern connectedSegments6(sensor : Sensor, segment1 : Segment, segment2 : Segment, segment3 : Segment, segment4 : Segment, segment5 : Segment, segment6 : Segment){
    Sensor.monitors(sensor, segment1);
    Sensor.monitors(sensor, segment2);
    Sensor.monitors(sensor, segment3);
    Sensor.monitors(sensor, segment4);
    Sensor.monitors(sensor, segment5);
    Sensor.monitors(sensor, segment6);

    Segment.connectsTo(segment1, segment2);
    Segment.connectsTo(segment2, segment3);
    Segment.connectsTo(segment3, segment4);
    Segment.connectsTo(segment4, segment5);
    Segment.connectsTo(segment5, segment6);
}","pattern connectedSegments6(sensor : Sensor, segment1 : Segment, segment2 : Segment, segment3 : Segment, segment4 : Segment, segment5 : Segment, segment6 : Segment){
    Segment.monitoredBy(segment1, sensor);
    Segment.monitoredBy(segment2, sensor);
    Segment.monitoredBy(segment3, sensor);
    Segment.monitoredBy(segment4, sensor);
    Segment.monitoredBy(segment5, sensor);
    Segment.monitoredBy(segment6, sensor);

    Segment.connectsTo(segment1, segment2);
    Segment.connectsTo(segment2, segment3);
    Segment.connectsTo(segment3, segment4);
    Segment.connectsTo(segment4, segment5);
    Segment.connectsTo(segment5, segment6);
}"
2,or,,Semaphores with STOP or GO signals.,pattern stopOrGo(semaphore: Semaphore){,"pattern stopOrGo(semaphore: Semaphore){
    Semaphore.signal(semaphore, Signal::GO);
} or {
    Semaphore.signal(semaphore, Signal::STOP);
}","pattern stopOrGo(semaphore: Semaphore) {
    Semaphore.signal(semaphore, Signal::STOP);
} or {
    Semaphore.signal(semaphore, Signal::GO);
}","pattern stopOrGo(semaphore: Semaphore) {
    Semaphore.signal(semaphore, Signal::STOP);
} or {
    Semaphore.signal(semaphore, Signal::GO);
}","pattern stopOrGo(semaphore: Semaphore){
    Semaphore.signal(semaphore, Signal::STOP);
} or {
    Semaphore.signal(semaphore, Signal::GO);
}","pattern stopOrGo(semaphore: Semaphore){
    Semaphore.signal(semaphore, Signal::STOP) or Semaphore.signal(semaphore, Signal::GO);
}","pattern stopOrGo(semaphore: Semaphore){
    Semaphore.signal(semaphore, Signal.STOP);
} or {
    Semaphore.signal(semaphore, Signal.GO);
}"
3,or,,TrackElements that are either connected or monitored by the same sensor.,"pattern relatedTrackElements(track1: TrackElement, track2: TrackElement){","pattern relatedTrackElements(track1: TrackElement, track2: TrackElement){
    TrackElement.monitoredBy(track1, sensor);
    TrackElement.monitoredBy(track2, sensor);
} or {
    TrackElement.connectsTo(track1,track2);
}","pattern relatedTrackElements(track1: TrackElement, track2: TrackElement){
    TrackElement.connectsTo(track1, sensor);
    TrackElement.monitoredBy(track2, sensor);
    TrackElement(track1);
    TrackElement(track2);
}","pattern relatedTrackElements(track1: TrackElement, track2: TrackElement){
    find connectedBySameSensor(track1, track2);
} or {
    find monitoredBySameSensor(track1, track2);
}

//auxiliary pattern
pattern connectedBySameSensor(track1: TrackElement, track2: TrackElement){
    find connectedBySameSensorHelper(track1, _, track2);
}

//auxiliary pattern
pattern connectedBySameSensorHelper(track1: TrackElement, sensor: Sensor, track2: TrackElement){
    TrackElement.connectsTo(track1, track2);
    Sensor.monitors(sensor, track1);
    Sensor.monitors(sensor, track2);
}

//auxiliary pattern
pattern monitoredBySameSensor(track1: TrackElement, track2: TrackElement){
    find monitoredBySameSensorHelper(track1, _, track2);
}

//auxiliary pattern
pattern monitoredBySameSensorHelper(track1: TrackElement, sensor: Sensor, track2: TrackElement){
    Sensor.monitors(sensor, track1);
    Sensor.monitors(sensor, track2);
}","pattern relatedTrackElements(track1: TrackElement, track2: TrackElement){
    TrackElement.connectsTo(track1, sensor);
    TrackElement.monitoredBy(track2, sensor);
} or {
    TrackElement.monitoredBy(track1, sensor);
    TrackElement.monitoredBy(track2, sensor);
}

//Auxiliary pattern
pattern connectsTo(element: TrackElement, sensor: Sensor){
    TrackElement.connectsTo(element, sensor);
}

//Auxiliary pattern
pattern monitoredBy(element: TrackElement, sensor: Sensor){
    TrackElement.monitoredBy(element, sensor);
}","pattern relatedTrackElements(track1: TrackElement, track2: TrackElement){
    TrackElement.connectsTo(track1, sensor);
    TrackElement.monitoredBy(track2, sensor);
    track1 != track2;
}","pattern relatedTrackElements(track1: TrackElement, track2: TrackElement){
    TrackElement.connectsTo(track1, sensor);
    TrackElement.monitoredBy(track2, sensor);
    track1 != track2;
}"
4,neg,trainbenchmark-tool-viatra-patterns/src/hu/bme/mit/trainbenchmark/benchmark/viatra/SwitchMonitored.vql,Switches not monitored by a sensor.,pattern switchNotMonitored(sw : Switch){,"pattern switchNotMonitored(sw : Switch){
    neg find hasSensor(sw);
}
//auxiliary pattern
pattern hasSensor(sw : Switch){
    TrackElement.monitoredBy(sw, _);
}","pattern switchNotMonitored(sw : Switch){
    Switch(sw);
    neg find monitoredSwitch(sw);
}

//auxiliary pattern
pattern monitoredSwitch(sw : Switch){
    Switch.monitoredBy(sw,_);
}","pattern switchNotMonitored(sw : Switch){
    Switch.monitoredBy(sw, sensor);
    neg find monitoredSwitch(sw);
}

//Auxiliary pattern
pattern monitoredSwitch(sw : Switch){
    Switch.monitoredBy(sw,_);
}","pattern switchNotMonitored(sw : Switch) {
    Switch(sw);
    neg find monitoredSwitch(sw);
}

// Auxiliary pattern
pattern monitoredSwitch(sw : Switch) {
    Switch.monitoredBy(sw, _);
}","pattern switchNotMonitored(sw : Switch){
    Switch.monitoredBy(sw, sensor);
    neg find switchMonitored(sw, sensor);
}

//Auxiliary pattern
pattern switchMonitored(sw : Switch, sensor : Sensor){
    Sensor.monitors(sensor, sw);
}","pattern switchNotMonitored(sw : Switch){
    Switch.monitoredBy(sw, sensor);
    neg find monitoredSwitch(sw, sensor);
}

// Auxiliary pattern
pattern monitoredSwitch(sw : Switch, sensor : Sensor){
    Sensor.monitors(sensor, sw);
}"
5,neg,trainbenchmark-tool-viatra-patterns/src/hu/bme/mit/trainbenchmark/benchmark/viatra/RouteSensor.vql,Retrieve sensors that monitor a switch. The switch position that target that switch is followed by a route. That sensor is not required by the route.,"pattern notRequiredRouteSensor(route : Route, sensor : Sensor, swP : SwitchPosition, sw : Switch){","pattern notRequiredRouteSensor(route : Route, sensor : Sensor, swP : SwitchPosition, sw : Switch){
    Route.follows(route, swP);
    SwitchPosition.target(swP, sw);
    TrackElement.monitoredBy(sw, sensor);
    neg find required(sensor, route);
}
//auxiliary pattern
pattern required(sensor : Sensor, route : Route){
    Route.requires(route, sensor);
}","pattern notRequiredRouteSensor(route : Route, sensor : Sensor, swP : SwitchPosition, sw : Switch) {
    Route(route);
    Sensor.monitors(sensor, sw);
    SwitchPosition.target(swP, sw);
    Switch.positions(sw, swP);
    Route.follows(route, swP);
    neg find requiredSensor(route, sensor);
}

// auxiliary pattern
pattern requiredSensor(route : Route, sensor : Sensor) {
    Route.requires(route, sensor);
}","pattern notRequiredRouteSensor(route : Route, sensor : Sensor, swP : SwitchPosition, sw : Switch){
    Sensor.monitors(sensor, sw);
    SwitchPosition.target(swP, sw);
    Switch.positions(sw, swP);
    Route.follows(route, swP);
    neg find requiredSensor(route, sensor);
}

// Auxiliary pattern
pattern requiredSensor(route : Route, sensor : Sensor){
    Route.requires(route, sensor);
}","pattern notRequiredRouteSensor(route : Route, sensor : Sensor, swP : SwitchPosition, sw : Switch){
    Route.follows(route, swP);
    SwitchPosition.target(swP, sw);
    Switch.positions(sw, swP);
    Sensor.monitors(sensor, sw);
    neg find requiredSensor(route, sensor);
}

//Auxiliary pattern
pattern requiredSensor(route : Route, sensor : Sensor){
    Route.requires(route, sensor);
}","pattern notRequiredRouteSensor(route : Route, sensor : Sensor, swP : SwitchPosition, sw : Switch){
    Sensor.monitors(sensor, sw);
    SwitchPosition.target(swP, sw);
    SwitchPosition.position(swP, Position.STRAIGHT);
    Switch.positions(sw, swP);
    Route.follows(route, swP);
    notRequiredSensor(route, sensor);
}

//Auxiliary pattern
pattern notRequiredSensor(route : Route, sensor : Sensor){
    Sensor.monitors(sensor, _);
    Route.requires(route, requiredSensor);
    check(sensor != requiredSensor);
}","pattern notRequiredRouteSensor(route : Route, sensor : Sensor, swP : SwitchPosition, sw : Switch){
    SwitchPosition.target(swP, sw);
    Switch.positions(sw, swP);
    Switch.monitoredBy(sw, sensor);
    Route.follows(route, swP);
    find requiredSensor(route, sensor);
    find notRequiredSensor(route, sensor);
}

pattern requiredSensor(route : Route, sensor : Sensor){
    Route.requires(route, sensor);
}

pattern notRequiredSensor(route : Route, sensor : Sensor){
    neg find requiredSensor(route, sensor);
}"
6,agg,,Total length of segments.,pattern totalLength(length: java Integer){,"pattern totalLength(length: java Integer){
    length == sum find segmentLength(_,#);
}
pattern segmentLength(segment: Segment, length: java Integer){
    Segment.length(segment, length);
}","pattern totalLength(length : java Integer) {
    length == sum find segmentLength(_);
}

//Auxiliary pattern
pattern segmentLength(segment : Segment, segmentLength : java Integer) {
    Segment.length(segment, segmentLength);
}","pattern totalLength(length: java Integer){
    length == sum find segmentLength(_);
}

//Auxiliary pattern
pattern segmentLength(segment : Segment, segmentLength : java Integer){
    Segment.length(segment, segmentLength);
}","pattern totalLength(length: java Integer){
    length == sum find segmentLength(s);
}

pattern segmentLength(segment: Segment, segmentLength: java Integer){
    Segment.length(segment, segmentLength);
}","pattern totalLength(length: java Integer){
    length == sum find segmentLength(segment, segmentLengthValue);
    
    //Auxiliary pattern
    pattern segmentLength(segment: Segment, lengthValue: java Integer){
        Segment.length(segment, lengthValue);
    }
}","pattern totalLength(length: java Integer){
    length == sum find segmentLength(_, #);
}

//auxiliary pattern
pattern segmentLength(segment: Segment, segmentLength: java Integer){
    Segment.length(segment, segmentLength);
}"
7,agg,,Track elements monitored by at lest two sensors.,pattern monitoredBy2Sensors(track: TrackElement){,"pattern monitoredBy2Sensors(track: TrackElement){
    cnt == count find trackMonitoredBy(track, _);
    check(cnt >= 2);
}
pattern trackMonitoredBy(track: TrackElement, sensor: Sensor){
    TrackElement.monitoredBy(track, sensor);
}","pattern monitoredBy2Sensors(track: TrackElement) {
    TrackElement(track);
    count find sensorsForTrack(track, _) >= 2;
}

//auxiliary pattern
pattern sensorsForTrack(track: TrackElement, sensor: Sensor) {
    Sensor.monitors(sensor, track);
}","pattern monitoredBy2Sensors(track: TrackElement) {
    TrackElement.monitoredBy(track, sensor1);
    TrackElement.monitoredBy(track, sensor2);
    sensor1 != sensor2;
}","pattern monitoredBy2Sensors(track: TrackElement){
    TrackElement.monitoredBy(track, sensor1);
    TrackElement.monitoredBy(track, sensor2);
    sensor1 != sensor2;
}","pattern monitoredBy2Sensors(track: TrackElement){
    TrackElement.monitoredBy(track, sensor1);
    TrackElement.monitoredBy(track, sensor2);
    sensor1 != sensor2;
}","pattern monitoredBy2Sensors(track: TrackElement){
    TrackElement.monitoredBy(track, sensor1);
    TrackElement.monitoredBy(track, sensor2);
    sensor1 != sensor2;
}"
8,type,,RailwayElements that are either Switches or SwitchPositions.,pattern switchOrSwitchPositionRailwayElemements(raliway: RailwayElement){,"pattern switchOrSwitchPositionRailwayElemements(raliway: RailwayElement){
    Switch(raliway);
} or {
    SwitchPosition(raliway);
}","pattern switchOrSwitchPositionRailwayElemements(railway: RailwayElement) {
    Switch(railway);
} or {
    SwitchPosition(railway);
}","pattern switchOrSwitchPositionRailwayElemements(railway: RailwayElement) {
    Switch(railway);
} or {
    SwitchPosition(railway);
}","pattern switchOrSwitchPositionRailwayElemements(railway: RailwayElement){
    Switch(railway);
} or {
    SwitchPosition(railway);
}","pattern switchOrSwitchPositionRailwayElemements(railway: RailwayElement){
    Switch(railway);
} or {
    SwitchPosition(railway);
}","pattern switchOrSwitchPositionRailwayElemements(railway: RailwayElement){
    Switch(railway);
} or {
    SwitchPosition(railway);
}"
9,type,,Railway elements that are Switches.,pattern switchRailwayElements(railway: RailwayElement){,"pattern switchRailwayElements(railway: RailwayElement){
    Switch(railway);
}","pattern switchRailwayElements(railway: RailwayElement){
    RailwayElement(railway);
    Switch(railway);
}","pattern switchRailwayElements(railway: RailwayElement){
    Switch(railway);
}","pattern switchRailwayElements(railway: RailwayElement) {
    Switch(railway);
}","pattern switchRailwayElements(railway: RailwayElement){
    TrackElement(railway);
    Switch(railway);
}","pattern switchRailwayElements(railway: RailwayElement) {
    Switch(railway);
}"
10,normal,,Active routes with entry GO semaphore.,pattern goActiveRoute(route: Route){,"pattern goActiveRoute(route: Route){
    Route.active(route,true);
    Route.entry(route, semaphore);
    Semaphore.signal(semaphore, Signal::GO);    
}","pattern goActiveRoute(route: Route){
    Route.active(route, true);
    Route.entry(route, semaphore);
    Semaphore.signal(semaphore, Signal::GO);
}","pattern goActiveRoute(route: Route){
    Route.active(route, true);
    Route.entry(route, entrySemaphore);
    Semaphore.signal(entrySemaphore, Signal::GO);
}","pattern goActiveRoute(route: Route){
    Route.active(route, true);
    Route.entry(route, entry);
    Semaphore.signal(entry, Signal::GO);
}","pattern goActiveRoute(route: Route){
    Route.active(route, true);
    Route.entry(route, semaphore);
    Semaphore.signal(semaphore, Signal::GO);
}","pattern goActiveRoute(route: Route) {
    Route.active(route, true);
    Route.entry(route, entrySemaphore);
    Semaphore.signal(entrySemaphore, Signal.GO);
}"
11,normal,trainbenchmark-tool-viatra-patterns/src/hu/bme/mit/trainbenchmark/benchmark/viatra/PosLength.vql,Retrieve all segments whose lengths are less or equal than zero.,pattern posLength(segment : Segment){,"pattern posLength(segment : Segment){
    Segment.length(segment, length);
    check(length <= 0);
}","pattern posLength(segment : Segment){
    Segment.length(segment, length);
    check(length <= 0);
}

//Auxiliary pattern
pattern check(bool : Boolean){
    bool == true;
}","pattern posLength(segment : Segment){
    Segment.length(segment, length);
    check(length <= 0);
}","pattern posLength(segment : Segment, length : EInt){
    Segment.length(segment, length);
    check(length <= 0);
}

//Auxiliary pattern
pattern check(boolean : EBoolean){
    boolean == true;
}","pattern posLength(segment : Segment){
    Segment.length(segment, length);
    check(length <= 0);
}","pattern posLength(segment : Segment){
    Segment.length(segment, length);
    check(length <= 0);
}

//Auxiliary pattern
pattern check(bool : Boolean){
    bool == true;
}"
12,normal,,SwitchPositions where the target Switch's current position is different from the SwitchPosition's position.,pattern misalignedSwitchPosition(swP : SwitchPosition){,"pattern misalignedSwitchPosition(swP : SwitchPosition){
    SwitchPosition.target(swP, sw);
    SwitchPosition.position(swP, swpPosition);
    Switch.currentPosition(sw, swCurrentPosition);
    swpPosition != swCurrentPosition;
}","pattern misalignedSwitchPosition(swP : SwitchPosition){
    SwitchPosition.position(swP, position);
    SwitchPosition.target(swP, targetSwitch);
    Switch.currentPosition(targetSwitch, currentPosition);
    currentPosition != position;
}","pattern misalignedSwitchPosition(swP : SwitchPosition){
    SwitchPosition.position(swP, position);
    SwitchPosition.target(swP, targetSwitch);
    Switch.currentPosition(targetSwitch, currentPosition);
    currentPosition != position;
}","pattern misalignedSwitchPosition(swP : SwitchPosition){
    SwitchPosition.position(swP, position);
    SwitchPosition.target(swP, targetSwitch);
    Switch.currentPosition(targetSwitch, currentPosition);
    check(currentPosition != position);
}","pattern misalignedSwitchPosition(swP : SwitchPosition){
    SwitchPosition.position(swP, position);
    SwitchPosition.target(swP, targetSwitch);
    Switch.currentPosition(targetSwitch, currentPosition);
    check(currentPosition != position);
}","pattern misalignedSwitchPosition(swP : SwitchPosition){
    SwitchPosition(swP);
    SwitchPosition.position(swP, pos);
    SwitchPosition.target(swP, switch);
    Switch.currentPosition(switch, currentPos);
    check(currentPos != pos);
}"
13,mix,,"Regions where the sum of segments lengths is at least 50, or regions with at least 10 sensors.",pattern bigRegion(region: Region){,"pattern bigRegion(region: Region){
    length == sum find trackLengthInRegion(region, _,#);
    check(length >= 50);
} or {
    cnt == count find sensorInRegion(region, _);
    check(cnt >= 10);
}
pattern trackLengthInRegion(region: Region, track: Segment, length: EInt){
    Region.elements(region,track);
    Segment.length(track,length);
}
pattern sensorInRegion(region:Region, sensor: Sensor){
    Region.sensors(region,sensor);
}","pattern bigRegion(region: Region){
    Region(reg);
    check (
        sum find segmentLengthsInRegion(reg) >= 50
        or
        count find SensorInRegion(reg) >= 10
    );
}

//Auxiliary pattern
pattern segmentLengthsInRegion(region: Region, length: Integer){
    Region.elements(region, segment);
    Segment(segment);
    Segment.length(segment, length);
}

//Auxiliary pattern
pattern SensorInRegion(region: Region, sensor: Sensor){
    Region.sensors(region, sensor);
}","pattern bigRegion(region: Region){
    Region(region);
    checkLength(region);
} or {
    Region(region);
    checkSensors(region);
}

pattern checkLength(region: Region){
    Region.elements(region, segment);
    Segment.length(segment, length);
    sum find totalLength(region, length);
    totalLength >= 50;
}

pattern checkSensors(region: Region){
    Region.sensors(region, sensor);
    count find totalSensors(region, sensor);
    totalSensors >= 10;
}

//auxiliary pattern
pattern totalLength(region: Region, length: java Integer){
    Region.elements(region, segment);
    Segment.length(segment, length);
}

//auxiliary pattern
pattern totalSensors(region: Region, sensor: Sensor){
    Region.sensors(region, sensor);
}","pattern bigRegion(region: Region){
    Region.segments(region, segment);
    Segment.length(segment, length);
    sumLength == sum find length;

    check(sumLength >= 50) or {
        cnt == count find sensor(region, _);
        check(cnt >= 10);
    }
}

//Auxiliary pattern
pattern sensor(region: Region, sensor: Sensor){
    Region.sensors(region, sensor);
}

//Auxiliary pattern
pattern segments(region: Region, segment: Segment){
    Region.elements(region, segment);
    Segment(segment);
}","pattern bigRegion(region: Region) {
    Region(region);
    check (
        sumOfSegmentLengths(region, totalLength) >= 50
        or countSensorsInRegion(region, sensorCount) >= 10
    );
}

// Auxiliary patterns
pattern sumOfSegmentLengths(region: Region, totalLength: java Integer) {
    Region.elements(region, segment);
    Segment.length(segment, length);
    totalLength == sum(length);
}

pattern countSensorsInRegion(region: Region, count: java Integer) {
    Region.sensors(region, sensor);
    count == count find Sensor(sensor);
}","pattern bigRegion(region: Region){
    Region.segments(region, segment);
    find sumSegmentLengths(region, sumLength);
    sumLength >= 50;
} or {
    Region.sensors(region, sensor);
    count find Sensor(region, _);
    count >= 10;
}

//auxiliary pattern
pattern sumSegmentLengths(region: Region, sum: java Integer){
    sum == sum find segmentLength(region, _);
}

//auxiliary pattern
pattern segmentLength(region: Region, segment: Segment){
    Region.elements(region, segment);
    Segment.length(segment, length);
}"
14,mix,,Segments that are at least 7 units long or are switches.,pattern sevenSegmentOrSwitch(track: TrackElement){,"pattern sevenSegmentOrSwitch(track: TrackElement){
    Switch(track);
} or {
    Segment.length(track, length);
    check(length >= 7);
}","pattern sevenSegmentOrSwitch(track: TrackElement){
    Segment(track);
    Segment.length(track, length);
    check(length >= 7);
} or {
    Switch(track);
}","pattern sevenSegmentOrSwitch(track: TrackElement){
    Segment(track);
    Segment.length(track, length);
    length >= 7;
} or {
    Switch(track);
}","pattern sevenSegmentOrSwitch(track: TrackElement){
    Segment(track);
    Segment.length(track, length);
    check(length >= 7);
} or {
    Switch(track);
}","pattern sevenSegmentOrSwitch(track: TrackElement){
    Segment(track);
    Segment.length(track, length);
    check(length >= 7);
} or {
    Switch(track);
}","pattern sevenSegmentOrSwitch(track: TrackElement){
    Segment.length(track, length);
    check(length >= 7);
} or {
    Switch(track);
}"
15,mix,,Active route whose entry is a GO semaphore but not monitored by any sensor.,pattern dangerousRoute(route: Route){,"pattern dangerousRoute(route: Route){
        find activeRouteWithGO(route);
        neg find routeMonitroedBy(route,_);
}
pattern routeMonitroedBy(route: Route, sensor: Sensor){
    Route.requires(route, sensor);
}
pattern activeRouteWithGO(route: Route){
    Route.active(route, true);
    Route.entry(route, entry);
    Semaphore.signal(entry, ::GO);
}","pattern dangerousRoute(route: Route){
    Route.active(route, true);
    Semaphore.signal(route.entry, Signal.GO);
    neg find monitoredBySensor(route);
}

//Auxiliary pattern
pattern monitoredBySensor(route: Route){
    Route.requires(route, sensor);
    Sensor.monitors(sensor, _);
}","pattern dangerousRoute(route: Route){
    Route.active(route, true);
    Route.entry(route, entrySemaphore);
    Semaphore.signal(entrySemaphore, Signal::GO);
    neg find monitoredBySensor(_, entrySemaphore);
}

//Auxiliary pattern
pattern monitoredBySensor(sensor: Sensor, semaphore: Semaphore){
    Sensor.monitors(sensor, trackElement);
    TrackElement.monitoredBy(trackElement, semaphore);
}","pattern dangerousRoute(route: Route){
    Route.active(route, true);
    Route.entry(route, entrySemaphore);
    Semaphore.signal(entrySemaphore, Signal::GO);
    neg find monitoredBySensor(route, _);
}

//Auxiliary pattern
pattern monitoredBySensor(route: Route, sensor: Sensor){
    Route.requires(route, sensor);
}","pattern dangerousRoute(route: Route){
    Route.active(route, true);
    Semaphore.signal(route.entry, Signal::GO);
    neg find monitoredBySensor(route);
}

//Auxiliary pattern
pattern monitoredBySensor(route: Route){
    Route.requires(route, sensor);
    Sensor.monitors(sensor, _);
}","pattern dangerousRoute(route: Route){
    Route.active(route, true);
    Route.entry(route, entrySemaphore);
    Semaphore.signal(entrySemaphore, Signal.GO);
    neg find monitoredBySensor(entrySemaphore, _);
}

// Auxiliary pattern
pattern monitoredBySensor(semaphore: Semaphore, sensor: Sensor){
    Semaphore.monitoredBy(semaphore, sensor);
}"
16,neg,https://github.com/ftsrg/trainbenchmark/blob/master/trainbenchmark-tool-viatra-patterns/src/hu/bme/mit/trainbenchmark/benchmark/viatra/SemaphoreNeighbor.vql,"Two different routes where the exit semaphore of a route is not the entry semaphore of the other. Each route requires a sensor, and the sensors monitor connected tracks.","pattern semaphoreNeighbor(semaphore: Semaphore, route1: Route, route2: Route, sensor1: Sensor, sensor2: Sensor, te1: TrackElement, te2: TrackElement){","pattern semaphoreNeighbor(semaphore: Semaphore, route1: Route, route2: Route, sensor1: Sensor, sensor2: Sensor, te1: TrackElement, te2: TrackElement){
       Route.exit(route1, semaphore);
	Route.requires(route1, sensor1);
	TrackElement.monitoredBy(te1, sensor1);
	TrackElement.connectsTo(te1, te2);
	TrackElement.monitoredBy(te2, sensor2);
	Route.requires(route2, sensor2);
	
	neg find entrySemaphore(route2, semaphore);

	route1 != route2;
}

pattern entrySemaphore(route: Route, semaphore: Semaphore)
{
	Route.entry(route, semaphore);
}","pattern semaphoreNeighbor(semaphore: Semaphore, route1: Route, route2: Route, sensor1: Sensor, sensor2: Sensor, te1: TrackElement, te2: TrackElement){
    Route.exit(route1, semaphore);
    Route.entry(route2, semaphore);
    Route.requires(route1, sensor1);
    Route.requires(route2, sensor2);
    Sensor.monitors(sensor1, te1);
    Sensor.monitors(sensor2, te2);
    TrackElement.connectsTo(te1, te2);
    Route != route2;
}","pattern semaphoreNeighbor(semaphore: Semaphore, route1: Route, route2: Route, sensor1: Sensor, sensor2: Sensor, te1: TrackElement, te2: TrackElement){
    Route.exit(route1, semaphore);
    Route.entry(route2, entrySemaphore);
    check(exitSemaphore != entrySemaphore);

    Route.requires(route1, sensor1);
    Route.requires(route2, sensor2);

    Sensor.monitors(sensor1, connectedTrack1);
    Sensor.monitors(sensor2, connectedTrack2);

    TrackElement.connectsTo(connectedTrack1, te1);
    TrackElement.connectsTo(connectedTrack2, te2);
}","pattern semaphoreNeighbor(semaphore: Semaphore, route1: Route, route2: Route, sensor1: Sensor, sensor2: Sensor, te1: TrackElement, te2: TrackElement){
    Route.exit(route1, semaphore);
    Route.entry(route2, entrySemaphore);
    check(entrySemaphore != semaphore);

    Route.requires(route1, sensor1);
    Route.requires(route2, sensor2);

    Sensor.monitors(sensor1, connectedTrack1);
    Sensor.monitors(sensor2, connectedTrack2);

    TrackElement.connectsTo(connectedTrack1, te1);
    TrackElement.connectsTo(connectedTrack2, te2);

    check(route1 != route2);
}","pattern semaphoreNeighbor(semaphore: Semaphore, route1: Route, route2: Route, sensor1: Sensor, sensor2: Sensor, te1: TrackElement, te2: TrackElement){
    Route.exit(route1, semaphore);
    Route.entry(route2, semaphore);
    Route.requires(route1, sensor1);
    Route.requires(route2, sensor2);
    Sensor.monitors(sensor1, te1);
    Sensor.monitors(sensor2, te2);
    TrackElement.connectsTo(te1, te2);
    Route != route2;
}","pattern semaphoreNeighbor(semaphore: Semaphore, route1: Route, route2: Route, sensor1: Sensor, sensor2: Sensor, te1: TrackElement, te2: TrackElement){
    Route.exit(route1, semaphore);
    Route.entry(route2, semaphore);
    Route.requires(route1, sensor1);
    Route.requires(route2, sensor2);
    Sensor.monitors(sensor1, te1);
    Sensor.monitors(sensor2, te2);
    TrackElement.connectsTo(te1, te2);
}"
