id,construct,train_benchmark,nl,header,truth,0_output,1_output,2_output,3_output,4_output
0,find,trainbenchmark-tool-viatra-patterns/src/hu/bme/mit/trainbenchmark/benchmark/viatra/SwitchSet.vql,Active route with GO entry semaphore and misaligned switch position. Misaligned means switch position where the target Switch's current position is different from the SwitchPosition's position.,pattern goRouteMisalignedSwitch(route: Route){,"pattern goRouteMisalignedSwitch(route: Route){
 find goRoute(route);
 Route.follows(route, swP);
 find misalignedSwitchPosition(swP);
}

pattern goRoute(route: Route){
	Route.active(route,true);
	Route.entry(route, semaphore);
	Semaphore.signal(semaphore, Signal::GO);	
}

pattern misalignedSwitchPosition(swP : SwitchPosition){
	SwitchPosition.target(swP, sw);
	SwitchPosition.position(swP, swpPosition);
	Switch.currentPosition(sw, swCurrentPosition);
	swpPosition != swCurrentPosition;
}","pattern goRouteMisalignedSwitch(route: Route){
    Route(route);
    Route.active(route, true);
    Route.entry(route, semaphore);
    Semaphore(semaphore);
    Semaphore.signal(semaphore, Signal.GO);
    Route.follows(route, switchPosition);
    SwitchPosition(switchPosition);
    SwitchPosition.position(switchPosition, Position.STRAIGHT);
    SwitchPosition.route(switchPosition, route);
    SwitchPosition.target(switchPosition, switch);
    Switch(switch);
    Switch.currentPosition(switch, Position.DIVERGING);
}

//Active route with STOP entry semaphore and misaligned switch position. Misaligned means switch position where the target Switch's current position is different from the SwitchPosition's position.
pattern stopRouteMisalignedSwitch(route: Route){
    Route(route);
    Route.active(route, true);
    Route.entry(route, semaphore);
    Semaphore(semaphore);
    Semaphore.signal(semaphore, Signal.STOP);
    Route.follows(route, switchPosition);
    SwitchPosition(switchPosition);
    SwitchPosition.position(switchPosition, Position.STRAIGHT);
    SwitchPosition.route(switchPosition, route);
    SwitchPosition.target(switchPosition, switch);
    Switch(switch);
    Switch.currentPosition(switch, Position.DIVERGING);
}

//Active route with GO entry semaphore and misaligned switch position. Misaligned means switch position where the target Switch's current position is different from the SwitchPosition's position.
pattern goRouteMisalignedSwitch(route: Route){
    Route(route);
    Route.active(route, true);
    Route.entry(route, semaphore);
    Semaphore(semaphore);
    Semaphore.signal(semaphore, Signal.GO);
    Route.follows(route, switchPosition);
    SwitchPosition(switchPosition);
    SwitchPosition.position(switchPosition, Position.STRAIGHT);
    SwitchPosition.route(switchPosition, route);
    SwitchPosition.target(switchPosition, switch);
    Switch(switch);
    Switch.current","pattern goRouteMisalignedSwitch(route: Route){
    Route(route);
    Route.active(route, true);
    Route.entry(route, entrySemaphore);
    Route.follows(route, misalignedSwitchPosition);
}
//Auxiliary pattern
pattern entrySemaphore(semaphore: Semaphore){
    Semaphore(semaphore);
    Semaphore.signal(semaphore, Signal.GO);
}
//Auxiliary pattern
pattern misalignedSwitchPosition(switchPosition: SwitchPosition){
    SwitchPosition(switchPosition);
    SwitchPosition.target(switchPosition, targetSwitch);
    SwitchPosition.position(switchPosition, position);
    Switch.currentPosition(targetSwitch, position);
    neg find SwitchPosition.position(switchPosition, position);
}
//Auxiliary pattern
pattern targetSwitch(switchPosition: SwitchPosition, switch: Switch){
    SwitchPosition.target(switchPosition, switch);
    Switch(switch);
}
//Auxiliary pattern
pattern position(switchPosition: SwitchPosition, position: Position){
    SwitchPosition.position(switchPosition, position);
    Switch.currentPosition(switch, position);
}
","pattern goRouteMisalignedSwitch(route: Route){
    Route(route);
    Route.active(route, true);
    Route.entry(route, semaphore);
    Semaphore(semaphore);
    Semaphore.signal(semaphore, GO);
    Route.follows(route, switchPosition);
    SwitchPosition(switchPosition);
    SwitchPosition.position(switchPosition, DIVERGING);
    SwitchPosition.target(switchPosition, switch);
    Switch(switch);
    Switch.currentPosition(switch, DIVERGING);
    neg find switchPositionMisaligned(switch, switchPosition);
}

//Auxiliary pattern
pattern switchPositionMisaligned(switch: Switch, switchPosition: SwitchPosition){
    Switch.currentPosition(switch, DIVERGING);
    SwitchPosition.position(switchPosition, STRAIGHT);
}
","pattern goRouteMisalignedSwitch(route: Route){
    Route(route);
    Route.active(route, true);
    Route.entry(route, semaphore);
    Semaphore(semaphore);
    Semaphore.signal(semaphore, GO);
    Route.follows(route, switchPosition);
    SwitchPosition(switchPosition);
    SwitchPosition.position(switchPosition, DIVERGING);
    SwitchPosition.target(switchPosition, switch);
    Switch(switch);
    Switch.currentPosition(switch, DIVERGING);
}

//Active route with STOP entry semaphore and misaligned switch position. Misaligned means switch position where the target Switch's current position is different from the SwitchPosition's position.
pattern stopRouteMisalignedSwitch(route: Route){
    Route(route);
    Route.active(route, true);
    Route.entry(route, semaphore);
    Semaphore(semaphore);
    Semaphore.signal(semaphore, STOP);
    Route.follows(route, switchPosition);
    SwitchPosition(switchPosition);
    SwitchPosition.position(switchPosition, DIVERGING);
    SwitchPosition.target(switchPosition, switch);
    Switch(switch);
    Switch.currentPosition(switch, DIVERGING);
}

//Active route with GO entry semaphore and aligned switch position. Aligned means switch position where the target Switch's current position is equal to the SwitchPosition's position.
pattern goRouteAlignedSwitch(route: Route){
    Route(route);
    Route.active(route, true);
    Route.entry(route, semaphore);
    Semaphore(semaphore);
    Semaphore.signal(semaphore, GO);
    Route.follows(route, switchPosition);
    SwitchPosition(switchPosition);
    SwitchPosition.position(switchPosition, STRAIGHT);
    SwitchPosition.target(switchPosition, switch);
    Switch(switch);
    Switch.currentPosition(switch, STRAIGHT);
}

//Active route with STOP entry semaphore and aligned switch position. Aligned means switch position where the target Switch's current position is equal to the SwitchPosition's position.
","pattern goRouteMisalignedSwitch(route: Route){
    Route(route);
    Route.active(route, true);
    Route.entry(route, semaphore);
    Semaphore(semaphore);
    Semaphore.signal(semaphore, Signal.GO);
    Route.follows(route, switchPosition);
    SwitchPosition(switchPosition);
    SwitchPosition.position(switchPosition, Position.DIVERGING);
    SwitchPosition.route(switchPosition, route);
    SwitchPosition.target(switchPosition, switch);
    Switch(switch);
    Switch.currentPosition(switch, Position.STRAIGHT);
}
"
1,find,trainbenchmark-tool-viatra-patterns/src/hu/bme/mit/trainbenchmark/benchmark/viatra/ConnectedSegments.vql,Six segments monitored by with the same sensor. Each segment is connected to the next one.,"pattern connectedSegments6(sensor : Sensor, segment1 : Segment, segment2 : Segment, segment3 : Segment, segment4 : Segment, segment5 : Segment, segment6 : Segment){","pattern connectedSegments6(sensor : Sensor, segment1 : Segment, segment2 : Segment, segment3 : Segment, segment4 : Segment, segment5 : Segment, segment6 : Segment){
    find connectedSegmentWithSameMonitor(segment1, segment2, sensor);
    find connectedSegmentWithSameMonitor(segment2, segment3, sensor);
    find connectedSegmentWithSameMonitor(segment3, segment4, sensor);
    find connectedSegmentWithSameMonitor(segment4, segment5, sensor);
    find connectedSegmentWithSameMonitor(segment5, segment6, sensor);

}
pattern connectedSegmentWithSameMonitor(segment1: Segment, segment2: Segment, sensor: Sensor){
    Segment.connectsTo(segment1,segment2);
    Segment.monitoredBy(segment1,sensor);
    Segment.monitoredBy(segment2,sensor);
}","pattern connectedSegments6(sensor : Sensor, segment1 : Segment, segment2 : Segment, segment3 : Segment, segment4 : Segment, segment5 : Segment, segment6 : Segment){
    Sensor.monitoredBy(sensor, segment1);
    Sensor.monitoredBy(sensor, segment2);
    Sensor.monitoredBy(sensor, segment3);
    Sensor.monitoredBy(sensor, segment4);
    Sensor.monitoredBy(sensor, segment5);
    Sensor.monitoredBy(sensor, segment6);
    TrackElement.connectsTo(segment1, segment2);
    TrackElement.connectsTo(segment2, segment3);
    TrackElement.connectsTo(segment3, segment4);
    TrackElement.connectsTo(segment4, segment5);
    TrackElement.connectsTo(segment5, segment6);
}

//Six segments monitored by with the same sensor. Each segment is connected to the next one.
pattern connectedSegments5(sensor : Sensor, segment1 : Segment, segment2 : Segment, segment3 : Segment, segment4 : Segment, segment5 : Segment){
    Sensor.monitoredBy(sensor, segment1);
    Sensor.monitoredBy(sensor, segment2);
    Sensor.monitoredBy(sensor, segment3);
    Sensor.monitoredBy(sensor, segment4);
    Sensor.monitoredBy(sensor, segment5);
    TrackElement.connectsTo(segment1, segment2);
    TrackElement.connectsTo(segment2, segment3);
    TrackElement.connectsTo(segment3, segment4);
    TrackElement.connectsTo(segment4, segment5);
}

//Six segments monitored by with the same sensor. Each segment is connected to the next one.
pattern connectedSegments4(sensor : Sensor, segment1 : Segment, segment2 : Segment, segment3 : Segment, segment4 : Segment){
    Sensor.monitoredBy(sensor, segment1);
    Sensor.monitoredBy(sensor, segment2);
    Sensor.monitoredBy(sensor, segment3);
    Sensor.monitoredBy(sensor,","pattern connectedSegments6(sensor : Sensor, segment1 : Segment, segment2 : Segment, segment3 : Segment, segment4 : Segment, segment5 : Segment, segment6 : Segment){
    Sensor.monitoredBy(sensor, segment1);
    Sensor.monitoredBy(sensor, segment2);
    Sensor.monitoredBy(sensor, segment3);
    Sensor.monitoredBy(sensor, segment4);
    Sensor.monitoredBy(sensor, segment5);
    Sensor.monitoredBy(sensor, segment6);
    TrackElement.connectsTo(segment1, segment2);
    TrackElement.connectsTo(segment2, segment3);
    TrackElement.connectsTo(segment3, segment4);
    TrackElement.connectsTo(segment4, segment5);
    TrackElement.connectsTo(segment5, segment6);
}
","pattern connectedSegments6(sensor : Sensor, segment1 : Segment, segment2 : Segment, segment3 : Segment, segment4 : Segment, segment5 : Segment, segment6 : Segment){
    Sensor.monitoredBy(sensor, segment1);
    Sensor.monitoredBy(sensor, segment2);
    Sensor.monitoredBy(sensor, segment3);
    Sensor.monitoredBy(sensor, segment4);
    Sensor.monitoredBy(sensor, segment5);
    Sensor.monitoredBy(sensor, segment6);
    TrackElement.connectsTo(segment1, segment2);
    TrackElement.connectsTo(segment2, segment3);
    TrackElement.connectsTo(segment3, segment4);
    TrackElement.connectsTo(segment4, segment5);
    TrackElement.connectsTo(segment5, segment6);
}

//Auxiliary pattern
pattern connectedSegments(sensor : Sensor, segment1 : Segment, segment2 : Segment){
    Sensor.monitoredBy(sensor, segment1);
    Sensor.monitoredBy(sensor, segment2);
    TrackElement.connectsTo(segment1, segment2);
}
","pattern connectedSegments6(sensor : Sensor, segment1 : Segment, segment2 : Segment, segment3 : Segment, segment4 : Segment, segment5 : Segment, segment6 : Segment){
    Sensor.monitoredBy(sensor, segment1);
    Sensor.monitoredBy(sensor, segment2);
    Sensor.monitoredBy(sensor, segment3);
    Sensor.monitoredBy(sensor, segment4);
    Sensor.monitoredBy(sensor, segment5);
    Sensor.monitoredBy(sensor, segment6);
    Segment.connectsTo(segment1, segment2);
    Segment.connectsTo(segment2, segment3);
    Segment.connectsTo(segment3, segment4);
    Segment.connectsTo(segment4, segment5);
    Segment.connectsTo(segment5, segment6);
}
","pattern connectedSegments6(sensor : Sensor, segment1 : Segment, segment2 : Segment, segment3 : Segment, segment4 : Segment, segment5 : Segment, segment6 : Segment){
    Sensor.monitoredBy(sensor, segment1);
    Sensor.monitoredBy(sensor, segment2);
    Sensor.monitoredBy(sensor, segment3);
    Sensor.monitoredBy(sensor, segment4);
    Sensor.monitoredBy(sensor, segment5);
    Sensor.monitoredBy(sensor, segment6);
    TrackElement.connectsTo(segment1, segment2);
    TrackElement.connectsTo(segment2, segment3);
    TrackElement.connectsTo(segment3, segment4);
    TrackElement.connectsTo(segment4, segment5);
    TrackElement.connectsTo(segment5, segment6);
}

//Auxiliary pattern
pattern connectedSegments(segment1 : TrackElement, segment2 : TrackElement){
    TrackElement.connectsTo(segment1, segment2);
}
"
2,or,,Semaphores with STOP or GO signals.,pattern stopOrGo(semaphore: Semaphore){,"pattern stopOrGo(semaphore: Semaphore){
    Semaphore.signal(semaphore, Signal::GO);
} or {
    Semaphore.signal(semaphore, Signal::STOP);
}","pattern stopOrGo(semaphore: Semaphore){
    Semaphore.signal(semaphore, stop);
} or {
    Semaphore.signal(semaphore, go);
}
","pattern stopOrGo(semaphore: Semaphore){
    Semaphore.signal(semaphore, stop);
} or {
    Semaphore.signal(semaphore, go);
}
","pattern stopOrGo(semaphore: Semaphore){
    Semaphore.signal(semaphore, Signal.STOP);
} or {
    Semaphore.signal(semaphore, Signal.GO);
}
","pattern stopOrGo(semaphore: Semaphore){
    Semaphore.signal(semaphore, Stop);
} or {
    Semaphore.signal(semaphore, Go);
}
","pattern stopOrGo(semaphore: Semaphore){
    Semaphore.signal(semaphore, Signal.STOP);
} or {
    Semaphore.signal(semaphore, Signal.GO);
}
"
3,or,,TrackElements that are either connected or monitored by the same sensor.,"pattern relatedTrackElements(track1: TrackElement, track2: TrackElement){","pattern relatedTrackElements(track1: TrackElement, track2: TrackElement){
    TrackElement.monitoredBy(track1, sensor);
    TrackElement.monitoredBy(track2, sensor);
} or {
    TrackElement.connectsTo(track1,track2);
}","pattern relatedTrackElements(track1: TrackElement, track2: TrackElement){
    TrackElement.monitoredBy(track1, sensor);
    TrackElement.monitoredBy(track2, sensor);
    TrackElement.connectsTo(track1, track2);
}
","pattern relatedTrackElements(track1: TrackElement, track2: TrackElement){
    TrackElement.monitoredBy(track1, _);
    TrackElement.monitoredBy(track2, _);
    TrackElement.connectsTo(track1, track2);
    TrackElement.connectsTo(track2, track1);
}

","pattern relatedTrackElements(track1: TrackElement, track2: TrackElement){
    TrackElement.monitoredBy(track1, sensor);
    TrackElement.monitoredBy(track2, sensor);
    TrackElement.connectsTo(track1, track2);
}
","pattern relatedTrackElements(track1: TrackElement, track2: TrackElement){
    TrackElement.monitoredBy(track1, _);
    TrackElement.monitoredBy(track2, _);
    TrackElement.monitoredBy(track1, s1);
    TrackElement.monitoredBy(track2, s2);
    s1 == s2;
}
","pattern relatedTrackElements(track1: TrackElement, track2: TrackElement){
    TrackElement.monitoredBy(track1, sensor);
    TrackElement.monitoredBy(track2, sensor);
    TrackElement.connectsTo(track1, track2);
}
"
4,neg,trainbenchmark-tool-viatra-patterns/src/hu/bme/mit/trainbenchmark/benchmark/viatra/SwitchMonitored.vql,Switches not monitored by a sensor.,pattern switchNotMonitored(sw : Switch){,"pattern switchNotMonitored(sw : Switch){
    neg find hasSensor(sw);
}
//auxiliary pattern
pattern hasSensor(sw : Switch){
    TrackElement.monitoredBy(sw, _);
}","pattern switchNotMonitored(sw : Switch){
    Switch(sw);
    not find monitoredBy(sw, _);
}

//Auxiliary pattern
pattern monitoredBy(switch : Switch, sensor: Sensor){
    TrackElement.monitoredBy(switch, sensor);
}
","pattern switchNotMonitored(sw : Switch){
    Switch(sw);
    neg find switchMonitoredBySensor(sw,_);
}

//auxiliary pattern
pattern switchMonitoredBySensor(switch : Switch, sensor : Sensor){
    Switch.monitoredBy(switch, sensor);
}
","pattern switchNotMonitored(sw : Switch){
    Switch(sw);
    neg find switchMonitoredBySensor(sw, _);
}

//Auxiliary pattern
pattern switchMonitoredBySensor(switch: Switch, sensor: Sensor){
    TrackElement.monitoredBy(switch, sensor);
}
","pattern switchNotMonitored(sw : Switch){
    Switch(sw);
    neg find monitoredBySensor(sw,_);
}

//auxiliary pattern
pattern monitoredBySensor(switch: Switch, sensor: Sensor){
    Switch.monitoredBy(switch, sensor);
}
","pattern switchNotMonitored(sw : Switch){
    Switch(sw);
    neg find monitoredBySensor(sw, _);
}
"
5,neg,trainbenchmark-tool-viatra-patterns/src/hu/bme/mit/trainbenchmark/benchmark/viatra/RouteSensor.vql,Retrieve sensors that monitor a switch. The switch position that target that switch is followed by a route. That sensor is not required by the route.,"pattern notRequiredRouteSensor(route : Route, sensor : Sensor, swP : SwitchPosition, sw : Switch){","pattern notRequiredRouteSensor(route : Route, sensor : Sensor, swP : SwitchPosition, sw : Switch){
    Route.follows(route, swP);
    SwitchPosition.target(swP, sw);
    TrackElement.monitoredBy(sw, sensor);
    neg find required(sensor, route);
}
//auxiliary pattern
pattern required(sensor : Sensor, route : Route){
    Route.requires(route, sensor);
}","pattern notRequiredRouteSensor(route : Route, sensor : Sensor, swP : SwitchPosition, sw : Switch){
    Route(route);
    SwitchPosition(swP);
    Route.follows(route, swP);
    SwitchPosition.route(swP, route);
    SwitchPosition.target(swP, sw);
    Switch(sw);
    Switch.positions(sw, swP);
    Switch.currentPosition(sw, Position.STRAIGHT);
    Sensor(sensor);
    Sensor.monitoredBy(sensor, sw);
    Route.requires(route, sensor);
    neg find routeSensor(route, sensor);
}
//Auxiliary pattern
pattern routeSensor(route : Route, sensor : Sensor){
    Route.requires(route, sensor);
}
","pattern notRequiredRouteSensor(route : Route, sensor : Sensor, swP : SwitchPosition, sw : Switch){
    Route(route);
    Route.follows(route, swP);
    SwitchPosition(swP);
    SwitchPosition.route(swP, route);
    SwitchPosition.target(swP, sw);
    Switch(sw);
    Switch.currentPosition(sw, Position.DIVERGING);
    Switch.positions(sw, swP);
    Sensor(sensor);
    Sensor.monitoredBy(sensor, sw);
    neg find requiredSensor(route, sensor);
}

//Auxiliary pattern
pattern requiredSensor(route : Route, sensor : Sensor){
    Route.requires(route, sensor);
}
","pattern notRequiredRouteSensor(route : Route, sensor : Sensor, swP : SwitchPosition, sw : Switch){
    Route(route);
    Route.follows(route, swP);
    Route.requires(route, sensor);
    SwitchPosition(swP);
    SwitchPosition.route(swP, route);
    SwitchPosition.target(swP, sw);
    Sensor(sensor);
    Sensor.monitoredBy(sensor, sw);
    neg find requiredByRoute(route, sensor);
}

//Auxiliary pattern
pattern requiredByRoute(route : Route, sensor : Sensor){
    Route.requires(route, sensor);
}
","pattern notRequiredRouteSensor(route : Route, sensor : Sensor, swP : SwitchPosition, sw : Switch){
    Route(route);
    Route.follows(route,swP);
    SwitchPosition(swP);
    SwitchPosition.route(swP,route);
    SwitchPosition.target(swP,sw);
    Switch(sw);
    Switch.positions(sw,swP);
    Sensor(sensor);
    Sensor.monitoredBy(sensor,sw);
    neg find requiredBy(route,sensor);
}
//Auxiliary pattern
pattern requiredBy(route : Route, sensor : Sensor){
    Route.requires(route,sensor);
}
","pattern notRequiredRouteSensor(route : Route, sensor : Sensor, swP : SwitchPosition, sw : Switch){
    Route(route);
    Route.follows(route, swP);
    Route.requires(route, sensor);
    SwitchPosition(swP);
    SwitchPosition.route(swP, route);
    SwitchPosition.target(swP, sw);
    Switch(sw);
    Switch.positions(sw, swP);
    Sensor(sensor);
    Sensor.monitoredBy(sensor, sw);
    neg find requiredByRoute(route, sensor);
}
//Auxiliary pattern
pattern requiredByRoute(route : Route, sensor : Sensor){
    Route.requires(route, sensor);
}
"
6,agg,,Total length of segments.,pattern totalLength(length: java Integer){,"pattern totalLength(length: java Integer){
    length == sum find segmentLength(_,#);
}
pattern segmentLength(segment: Segment, length: java Integer){
    Segment.length(segment, length);
}","pattern totalLength(length: java Integer){
    Segment(segment);
    Segment.length(segment, length);
}
","pattern totalLength(length: java Integer){
    cnt == count find lengthOfSegment(_,length);
}
//Auxiliary pattern
pattern lengthOfSegment(segment: Segment, length: java Integer){
    Segment.length(segment,length);
}
","pattern totalLength(length: java Integer){
    cnt == count find lengthOfSegment(_, _);
    check(cnt==length);
}

//Auxiliary pattern
pattern lengthOfSegment(segment: Segment, length: java Integer){
    Segment.length(segment, length);
}
","pattern totalLength(length: java Integer){
    cnt == count find segmentLength(_, _);
    check(cnt==length);
}

//Auxiliary pattern
pattern segmentLength(segment: Segment, length: java Integer){
    Segment.length(segment, length);
}
","pattern totalLength(length: java Integer){
    cnt == count find totalLengthOfSegments(length, _);
    check(cnt==1);
}

//Auxiliary pattern
pattern totalLengthOfSegments(length : java Integer, segment : Segment) {
    Segment.length(segment, length);
}
"
7,agg,,Track elements monitored by at lest two sensors.,pattern monitoredBy2Sensors(track: TrackElement){,"pattern monitoredBy2Sensors(track: TrackElement){
    cnt == count find trackMonitoredBy(track, _);
    check(cnt >= 2);
}
pattern trackMonitoredBy(track: TrackElement, sensor: Sensor){
    TrackElement.monitoredBy(track, sensor);
}","pattern monitoredBy2Sensors(track: TrackElement){
    cnt == count find monitoredBy(track, _);
    check(cnt>=2);
}
//Auxiliary pattern
pattern monitoredBy(track: TrackElement, sensor: Sensor){
    TrackElement.monitoredBy(track, sensor);
}
","pattern monitoredBy2Sensors(track: TrackElement){
    cnt == count find sensorsMonitoringTrackElement(track, _);
    check(cnt>=2);
}

//Auxiliary pattern
pattern sensorsMonitoringTrackElement(track: TrackElement, sensor: Sensor){
    TrackElement.monitoredBy(track, sensor);
}
","pattern monitoredBy2Sensors(track: TrackElement){
    cnt == count find monitoredBy(track, _);
    check(cnt>=2);
}

//Auxiliary pattern
pattern monitoredBy(track: TrackElement, sensor: Sensor){
    TrackElement.monitoredBy(track, sensor);
}
","pattern monitoredBy2Sensors(track: TrackElement){
    cnt == count find monitoredBy(track, _);
    check(cnt>=2);
}

//Auxiliary pattern
pattern monitoredBy(track: TrackElement, sensor: Sensor) {
    TrackElement.monitoredBy(track, sensor);
}
","pattern monitoredBy2Sensors(track: TrackElement){
    cnt == count find monitoredBy(track, _);
    check(cnt>=2);
}
//Auxiliary pattern
pattern monitoredBy(track: TrackElement, sensor: Sensor){
    TrackElement.monitoredBy(track, sensor);
}
"
8,type,,RailwayElements that are either Switches or SwitchPositions.,pattern switchOrSwitchPositionRailwayElemements(raliway: RailwayElement){,"pattern switchOrSwitchPositionRailwayElemements(raliway: RailwayElement){
    Switch(raliway);
} or {
    SwitchPosition(raliway);
}","pattern switchOrSwitchPositionRailwayElemements(raliway: RailwayElement){
    Switch(raliway);
} or {
    SwitchPosition(raliway);
}
","pattern switchOrSwitchPositionRailwayElemements(raliway: RailwayElement){
    Switch(raliway);
} or {
    SwitchPosition(raliway);
}
","pattern switchOrSwitchPositionRailwayElemements(raliway: RailwayElement){
    Switch(raliway);
} or {
    SwitchPosition(raliway);
}
","pattern switchOrSwitchPositionRailwayElemements(raliway: RailwayElement){
    Switch(raliway);
} or {
    SwitchPosition(raliway);
}
","pattern switchOrSwitchPositionRailwayElemements(raliway: RailwayElement){
    Switch(raliway);
} or {
    SwitchPosition(raliway);
}
"
9,type,,Railway elements that are Switches.,pattern switchRailwayElements(railway: RailwayElement){,"pattern switchRailwayElements(railway: RailwayElement){
    Switch(railway);
}","pattern switchRailwayElements(railway: RailwayElement){
    Switch(railway);
}
","pattern switchRailwayElements(railway: RailwayElement){
    Switch(railway);
}
","pattern switchRailwayElements(railway: RailwayElement){
    Switch(railway);
}
","pattern switchRailwayElements(railway: RailwayElement){
    Switch(railway);
}
","pattern switchRailwayElements(railway: RailwayElement){
    Switch(railway);
}
"
10,normal,,Active routes with entry GO semaphore.,pattern goActiveRoute(route: Route){,"pattern goActiveRoute(route: Route){
    Route.active(route,true);
    Route.entry(route, semaphore);
    Semaphore.signal(semaphore, Signal::GO);    
}","pattern goActiveRoute(route: Route){
    Route.active(route,true);
    Semaphore.signal(route.entry, Signal.GO);
}
","pattern goActiveRoute(route: Route){
    Route.active(route, true);
    Route.entry(route, s);
    Semaphore.signal(s, GO);
}
","pattern goActiveRoute(route: Route){
    Route.active(route, true);
    Route.entry(route, _);
    Semaphore.signal(Route.entry(route, _), GO);
}

//Auxiliary pattern
pattern goActiveRoute(route: Route){
    Route.active(route, true);
    Route.entry(route, _);
    Semaphore.signal(Route.entry(route, _), GO);
}
","pattern goActiveRoute(route: Route){
    Route.active(route, true);
    Route.entry(route, entrySemaphore(_, GO));
}

//Auxiliary pattern
pattern entrySemaphore(semaphore: Semaphore, signal: Signal){
    Semaphore.signal(semaphore, signal);
}
","pattern goActiveRoute(route: Route){
    Route.active(route, true);
    Route.entry(route, _);
    Semaphore.signal(Route.entry(route, _), Signal.GO);
}

//End of main pattern
//Railway elements with a given id.
pattern railwayElementWithId(element: RailwayElement, id: EInt){
    RailwayElement.id(element, id);
}

//End of main pattern
//Routes that have at least 2 sensors.
pattern routeWithAtLeast2Sensors(route: Route){
    cnt == count find sensorsInRoute(route, _);
    check(cnt>=2);
}

//Auxiliary pattern
pattern sensorsInRoute(route: Route, sensor: Sensor){
    Route.requires(route, sensor);
}

//End of main pattern
//Railway elements with a given id.
pattern railwayElementWithId(element: RailwayElement, id: EInt){
    RailwayElement.id(element, id);
}

//End of main pattern
//Railway elements with a given id.
pattern railwayElementWithId(element: RailwayElement, id: EInt){
    RailwayElement.id(element, id);
}

//End of main pattern
//Railway elements with a given id.
pattern railwayElementWithId(element: RailwayElement, id: EInt){
    RailwayElement.id(element, id);
}

//End of main pattern
//Railway elements with a given id.
pattern railwayElementWithId(element: RailwayElement, id: EInt){
    RailwayElement.id(element, id);
}

//End of main pattern
//Railway elements with a given id.
pattern railwayElementWithId(element: RailwayElement, id: EInt){
    RailwayElement.id(element, id);
}

//End of main pattern
//Railway elements with a given id.
pattern railwayElementWithId(element: RailwayElement, id: EInt){
    RailwayElement.id(element, id);
}

//End of main pattern
//Railway elements with a given id.
pattern railwayElementWith"
11,normal,trainbenchmark-tool-viatra-patterns/src/hu/bme/mit/trainbenchmark/benchmark/viatra/PosLength.vql,Retrieve all segments whose lengths are less or equal than zero.,pattern posLength(segment : Segment){,"pattern posLength(segment : Segment){
    Segment.length(segment, length);
    check(length <= 0);
}","pattern posLength(segment : Segment){
    Segment(segment);
    Segment.length(segment, length);
    check(length<=0);
}
","pattern posLength(segment : Segment){
    Segment(segment);
    Segment.length(segment, length);
    check(length <= 0);
}

//Retrieve all segments whose lengths are less or equal than zero.
pattern negLength(segment : Segment){
    Segment(segment);
    Segment.length(segment, length);
    check(length > 0);
}

//Retrieve all segments whose lengths are less or equal than zero.
pattern lengthZero(segment : Segment){
    Segment(segment);
    Segment.length(segment, length);
    check(length == 0);
}

//Retrieve all segments whose lengths are less or equal than zero.
pattern lengthNonZero(segment : Segment){
    Segment(segment);
    Segment.length(segment, length);
    check(length != 0);
}

//Retrieve all segments whose lengths are less or equal than zero.
pattern lengthNotZero(segment : Segment){
    Segment(segment);
    Segment.length(segment, length);
    check(length != 0);
}

//Retrieve all segments whose lengths are less or equal than zero.
pattern lengthNotZero(segment : Segment){
    Segment(segment);
    Segment.length(segment, length);
    check(length != 0);
}

//Retrieve all segments whose lengths are less or equal than zero.
pattern lengthNotZero(segment : Segment){
    Segment(segment);
    Segment.length(segment, length);
    check(length != 0);
}

//Retrieve all segments whose lengths are less or equal than zero.
pattern lengthNotZero(segment : Segment){
    Segment(segment);
    Segment.length(segment, length);
    check(length != 0);
}

//Retrieve all segments whose lengths are less or equal than zero.
pattern lengthNotZero(segment : Segment){
    Segment(segment);
    Segment.length(segment, length);
    check(length != 0);
}

//Retrieve all segments whose lengths are less or equal than zero","pattern posLength(segment : Segment){
    Segment.length(segment, _);
    check(length <= 0);
}
//Retrieve all segments whose lengths are less or equal than zero.
pattern negLength(segment : Segment){
    Segment.length(segment, _);
    check(length > 0);
}
//Retrieve all segments whose lengths are less or equal than zero.
pattern posLength(segment : Segment){
    Segment.length(segment, _);
    check(length <= 0);
}
//Retrieve all segments whose lengths are less or equal than zero.
pattern negLength(segment : Segment){
    Segment.length(segment, _);
    check(length > 0);
}
//Retrieve all segments whose lengths are less or equal than zero.
pattern posLength(segment : Segment){
    Segment.length(segment, _);
    check(length <= 0);
}
//Retrieve all segments whose lengths are less or equal than zero.
pattern negLength(segment : Segment){
    Segment.length(segment, _);
    check(length > 0);
}
//Retrieve all segments whose lengths are less or equal than zero.
pattern posLength(segment : Segment){
    Segment.length(segment, _);
    check(length <= 0);
}
//Retrieve all segments whose lengths are less or equal than zero.
pattern negLength(segment : Segment){
    Segment.length(segment, _);
    check(length > 0);
}
//Retrieve all segments whose lengths are less or equal than zero.
pattern posLength(segment : Segment){
    Segment.length(segment, _);
    check(length <= 0);
}
//Retrieve all segments whose lengths are less or equal than zero.
pattern negLength(segment : Segment){
    Segment.length(segment, _);
    check(length > 0);
}
//Retrieve all segments whose lengths are less or equal than zero.
pattern posLength(segment : Segment){
    Segment.length(segment, _);
    check(length <= 0);
}
//Retrieve all segments whose lengths are less or","pattern posLength(segment : Segment){
    Segment(segment);
    Segment.length(segment, _);
    Segment.length(segment, length);
    check(length <= 0);
}
","pattern posLength(segment : Segment){
    Segment.length(segment, l);
    check(l <= 0);
}

//Retrieve all routes that have no active switch.
pattern routeWithNoActiveSwitch(route : Route){
    Route.follows(route, _);
    neg find switchPositionActive(_, route);
}

//Auxiliary pattern
pattern switchPositionActive(switchPosition : SwitchPosition, route : Route){
    SwitchPosition.route(switchPosition, route);
    Route.active(route, true);
}
"
12,normal,,SwitchPositions where the target Switch's current position is different from the SwitchPosition's position.,pattern misalignedSwitchPosition(swP : SwitchPosition){,"pattern misalignedSwitchPosition(swP : SwitchPosition){
    SwitchPosition.target(swP, sw);
    SwitchPosition.position(swP, swpPosition);
    Switch.currentPosition(sw, swCurrentPosition);
    swpPosition != swCurrentPosition;
}","pattern misalignedSwitchPosition(swP : SwitchPosition){
    SwitchPosition(swP);
    SwitchPosition.target(swP, s);
    Switch.currentPosition(s, p);
    SwitchPosition.position(swP, p2);
    not(p==p2);
}

","pattern misalignedSwitchPosition(swP : SwitchPosition){
    SwitchPosition(swP);
    SwitchPosition.position(swP, p);
    SwitchPosition.target(swP, sw);
    Switch.currentPosition(sw, cP);
    check(p != cP);
}
","pattern misalignedSwitchPosition(swP : SwitchPosition){
    SwitchPosition(swP);
    SwitchPosition.target(swP,target);
    Switch.currentPosition(target,currentPosition);
    SwitchPosition.position(swP,position);
    check(currentPosition != position);
}

","pattern misalignedSwitchPosition(swP : SwitchPosition){
    SwitchPosition(swP);
    switchPositionTarget(swP, sw);
    switchCurrentPosition(sw, pos);
    switchPositionPosition(swP, pos2);
    pos != pos2;
}

//Auxiliary pattern
pattern switchPositionTarget(swP : SwitchPosition, sw : Switch){
    SwitchPosition.target(swP, sw);
}
","pattern misalignedSwitchPosition(swP : SwitchPosition){
    SwitchPosition(swP);
    SwitchPosition.position(swP, pos);
    Switch.currentPosition(swP.target, pos2);
    check(pos != pos2);
}
"
13,mix,,"Regions where the sum of segments lengths is at least 50, or regions with at least 10 sensors.",pattern bigRegion(region: Region){,"pattern bigRegion(region: Region){
    length == sum find trackLengthInRegion(region, _,#);
    check(length >= 50);
} or {
    cnt == count find sensorInRegion(region, _);
    check(cnt >= 10);
}
pattern trackLengthInRegion(region: Region, track: Segment, length: EInt){
    Region.elements(region,track);
    Segment.length(track,length);
}
pattern sensorInRegion(region:Region, sensor: Sensor){
    Region.sensors(region,sensor);
}","pattern bigRegion(region: Region){
    cnt == count find segmentsInRegion(region, _);
    check(cnt>=50);
} or {
    cnt == count find sensorsInRegion(region, _);
    check(cnt>=10);
}

//Auxiliary pattern
pattern segmentsInRegion(region: Region, segment: Segment){
    Region.elements(region, segment);
}
","pattern bigRegion(region: Region){
    cnt == count find segmentsInRegion(region, _);
    cnt2 == count find sensorsInRegion(region, _);
    check(cnt>=50 or cnt2>=10);
}

//Auxiliary pattern
pattern segmentsInRegion(region: Region, segment: Segment){
    Region.elements(region, segment);
}
","pattern bigRegion(region: Region){
    cnt == count find segmentInRegion(region, _);
    check(cnt>=50);
} or {
    cnt == count find sensorInRegion(region, _);
    check(cnt>=10);
}

//Auxiliary pattern
pattern segmentInRegion(region: Region, segment: Segment){
    Region.elements(region, segment);
}
","pattern bigRegion(region: Region){
    cnt == count find segmentsInRegion(region, _);
    check(cnt>=50);
} or {
    cnt == count find sensorsInRegion(region, _);
    check(cnt>=10);
}

//Auxiliary pattern
pattern segmentsInRegion(region: Region, segment: Segment){
    Region.elements(region, segment);
}
","pattern bigRegion(region: Region){
    cntSegments == count find segmentsInRegion(region, _);
    cntSensors == count find sensorsInRegion(region, _);
    check(cntSegments>=50 or cntSensors>=10);
}

//Auxiliary pattern
pattern segmentsInRegion(region: Region, segment: Segment){
    Region.elements(region, segment);
}

//Auxiliary pattern
pattern sensorsInRegion(region: Region, sensor: Sensor){
    Region.sensors(region, sensor);
}
"
14,mix,,Segments that are at least 7 units long or are switches.,pattern sevenSegmentOrSwitch(track: TrackElement){,"pattern sevenSegmentOrSwitch(track: TrackElement){
    Switch(track);
} or {
    Segment.length(track, length);
    check(length >= 7);
}","pattern sevenSegmentOrSwitch(track: TrackElement){
    Segment(track) implies {
        Segment.length(track, l);
        check(l>=7);
    } or {
        Switch(track);
    }
}
","pattern sevenSegmentOrSwitch(track: TrackElement){
    Segment(track);
    Segment.length(track, l);
    check(l>=7);
} or {
    Switch(track);
}
","pattern sevenSegmentOrSwitch(track: TrackElement){
    Segment(track);
    Segment.length(track, l);
    check(l>=7);
} or {
    Switch(track);
}
","pattern sevenSegmentOrSwitch(track: TrackElement){
    Segment(track);
    Segment.length(track, l);
    check(l>=7);
} or {
    Switch(track);
}
","pattern sevenSegmentOrSwitch(track: TrackElement){
    Segment(track) and {
        Segment.length(track, l);
        check(l>=7);
    } or {
        Switch(track);
    }
}
"
15,mix,,Active route whose entry is a GO semaphore but not monitored by any sensor.,pattern dangerousRoute(route: Route){,"pattern dangerousRoute(route: Route){
        find activeRouteWithGO(route);
        neg find routeMonitroedBy(route,_);
}
pattern routeMonitroedBy(route: Route, sensor: Sensor){
    Route.requires(route, sensor);
}
pattern activeRouteWithGO(route: Route){
    Route.active(route, true);
    Route.entry(route, entry);
    Semaphore.signal(entry, ::GO);
}","pattern dangerousRoute(route: Route){
    Route.active(route, true);
    Route.entry(route, entry);
    Semaphore(entry);
    Semaphore.signal(entry, Signal.GO);
    neg find monitoredBy(route, _);
}

//Auxiliary pattern
pattern monitoredBy(route: Route, sensor: Sensor){
    Route.requires(route, sensor);
    Sensor.monitors(sensor, route);
}
","pattern dangerousRoute(route: Route){
    Route(route);
    Route.active(route, true);
    Route.entry(route, entry);
    Semaphore.signal(entry, Signal.GO);
    neg find Route.requires(route, _);
}
","pattern dangerousRoute(route: Route){
    Route(route);
    Route.active(route, true);
    Route.entry(route, entry);
    Semaphore(entry);
    Semaphore.signal(entry, Signal.GO);
    neg find monitoredBy(entry, _);
}

//Auxiliary pattern
pattern monitoredBy(sensor: Sensor, trackElement: TrackElement){
    Sensor.monitoredBy(sensor, trackElement);
}
","pattern dangerousRoute(route: Route){
    Route(route);
    Route.active(route, true);
    Route.entry(route, s);
    Semaphore(s);
    Semaphore.signal(s, Signal.GO);
    neg find monitoredBySensor(_, route);
}

//Auxiliary pattern
pattern monitoredBySensor(sensor: Sensor, route: Route){
    Sensor.monitors(sensor, route);
}
","pattern dangerousRoute(route: Route){
    Route.active(route,_);
    Route.entry(route,g);
    Semaphore(g);
    Semaphore.signal(g,GO);
    neg find monitoredBySensor(_,route);
}
"
16,neg,https://github.com/ftsrg/trainbenchmark/blob/master/trainbenchmark-tool-viatra-patterns/src/hu/bme/mit/trainbenchmark/benchmark/viatra/SemaphoreNeighbor.vql,"Two different routes where the exit semaphore of a route is not the entry semaphore of the other. Each route requires a sensor, and the sensors monitor connected tracks.","pattern semaphoreNeighbor(semaphore: Semaphore, route1: Route, route2: Route, sensor1: Sensor, sensor2: Sensor, te1: TrackElement, te2: TrackElement){","pattern semaphoreNeighbor(semaphore: Semaphore, route1: Route, route2: Route, sensor1: Sensor, sensor2: Sensor, te1: TrackElement, te2: TrackElement){
       Route.exit(route1, semaphore);
	Route.requires(route1, sensor1);
	TrackElement.monitoredBy(te1, sensor1);
	TrackElement.connectsTo(te1, te2);
	TrackElement.monitoredBy(te2, sensor2);
	Route.requires(route2, sensor2);
	
	neg find entrySemaphore(route2, semaphore);

	route1 != route2;
}

pattern entrySemaphore(route: Route, semaphore: Semaphore)
{
	Route.entry(route, semaphore);
}","pattern semaphoreNeighbor(semaphore: Semaphore, route1: Route, route2: Route, sensor1: Sensor, sensor2: Sensor, te1: TrackElement, te2: TrackElement){
    Semaphore(semaphore);
    Route.exit(route1, semaphore);
    Route.entry(route2, semaphore);
    Route.requires(route1, sensor1);
    Route.requires(route2, sensor2);
    Sensor.monitoredBy(sensor1, te1);
    Sensor.monitoredBy(sensor2, te2);
}

//Auxiliary pattern
pattern semaphoreNeighbor(semaphore: Semaphore, route: Route, sensor: Sensor, te: TrackElement){
    Semaphore(semaphore);
    Route.exit(route, semaphore);
    Route.requires(route, sensor);
    Sensor.monitoredBy(sensor, te);
}
","pattern semaphoreNeighbor(semaphore: Semaphore, route1: Route, route2: Route, sensor1: Sensor, sensor2: Sensor, te1: TrackElement, te2: TrackElement){
    Semaphore.id(semaphore, _);
    Route.entry(route1, semaphore);
    Route.exit(route2, semaphore);
    Route.requires(route1, sensor1);
    Route.requires(route2, sensor2);
    Sensor.monitors(sensor1, te1);
    Sensor.monitors(sensor2, te2);
    TrackElement.monitoredBy(te1, sensor1);
    TrackElement.monitoredBy(te2, sensor2);
    neg find sameSemaphore(semaphore, route1, route2);
}

//Auxiliary pattern
pattern sameSemaphore(semaphore: Semaphore, route1: Route, route2: Route){
    Route.entry(route1, semaphore);
    Route.exit(route2, semaphore);
}
","pattern semaphoreNeighbor(semaphore: Semaphore, route1: Route, route2: Route, sensor1: Sensor, sensor2: Sensor, te1: TrackElement, te2: TrackElement){
    Semaphore(semaphore);
    Route(route1);
    Route(route2);
    Route.entry(route1, semaphore);
    Route.exit(route2, semaphore);
    Route.requires(route1, sensor1);
    Route.requires(route2, sensor2);
    Sensor.monitoredBy(sensor1, te1);
    Sensor.monitoredBy(sensor2, te2);
    TrackElement.monitoredBy(te1, sensor1);
    TrackElement.monitoredBy(te2, sensor2);
}

//Two different routes where the exit semaphore of a route is not the entry semaphore of the other. Each route requires a sensor, and the sensors monitor connected tracks.
pattern semaphoreNeighbor(semaphore: Semaphore, route1: Route, route2: Route, sensor1: Sensor, sensor2: Sensor, te1: TrackElement, te2: TrackElement){
    Semaphore(semaphore);
    Route(route1);
    Route(route2);
    Route.entry(route1, semaphore);
    Route.exit(route2, semaphore);
    Route.requires(route1, sensor1);
    Route.requires(route2, sensor2);
    Sensor.monitoredBy(sensor1, te1);
    Sensor.monitoredBy(sensor2, te2);
    TrackElement.monitoredBy(te1, sensor1);
    TrackElement.monitoredBy(te2, sensor2);
}

//Two different routes where the exit semaphore of a route is not the entry semaphore of the other. Each route requires a sensor, and the sensors monitor connected tracks.
pattern semaphoreNeighbor(semaphore: Semaphore, route1: Route, route2: Route, sensor1: Sensor, sensor2: Sensor, te1: TrackElement, te2: TrackElement){
    Semaphore(semaphore);
    Route(route1);
    Route(route2);
    Route.entry(route1, semaphore);
    Route.exit(route2","pattern semaphoreNeighbor(semaphore: Semaphore, route1: Route, route2: Route, sensor1: Sensor, sensor2: Sensor, te1: TrackElement, te2: TrackElement){
    Semaphore.id(semaphore, _);
    Route.entry(route1, semaphore);
    Route.exit(route2, semaphore);
    Route.requires(route1, sensor1);
    Route.requires(route2, sensor2);
    Sensor.monitoredBy(sensor1, te1);
    Sensor.monitoredBy(sensor2, te2);
    TrackElement.connectsTo(te1, te2);
}

","pattern semaphoreNeighbor(semaphore: Semaphore, route1: Route, route2: Route, sensor1: Sensor, sensor2: Sensor, te1: TrackElement, te2: TrackElement){
    Semaphore.id(semaphore, _);
    Route.exit(route1, semaphore);
    Route.entry(route2, semaphore);
    Route.requires(route1, sensor1);
    Route.requires(route2, sensor2);
    Sensor.monitoredBy(sensor1, te1);
    Sensor.monitoredBy(sensor2, te2);
}
"
