id,construct,train_benchmark,nl,header,truth,0_output,1_output,2_output,3_output,4_output,has_correct,#truth,syntax_ok,match_ok
0,find,trainbenchmark-tool-viatra-patterns/src/hu/bme/mit/trainbenchmark/benchmark/viatra/SwitchSet.vql,Active route with GO entry semaphore and misaligned switch position. Misaligned means switch position where the target Switch's current position is different from the SwitchPosition's position.,pattern goRouteMisalignedSwitch(route: Route){,"pattern goRouteMisalignedSwitch(route: Route){
 find goRoute(route);
 Route.follows(route, swP);
 find misalignedSwitchPosition(swP);
}

pattern goRoute(route: Route){
	Route.active(route,true);
	Route.entry(route, semaphore);
	Semaphore.signal(semaphore, Signal::GO);	
}

pattern misalignedSwitchPosition(swP : SwitchPosition){
	SwitchPosition.target(swP, sw);
	SwitchPosition.position(swP, swpPosition);
	Switch.currentPosition(sw, swCurrentPosition);
	swpPosition != swCurrentPosition;
}","pattern goRouteMisalignedSwitch(route: Route){
    Route.entry(route, semaphore);
    Semaphore.signal(semaphore, Signal::GO);
    Route.follows(route, switchPosition);
    SwitchPosition.target(switchPosition, switch);
    Switch.currentPosition(switch, currentPosition);
    SwitchPosition.position(switchPosition, position);
    check(currentPosition != position);
}","pattern goRouteMisalignedSwitch(route: Route){
    Route.entry(route, semaphore);
    Semaphore.signal(semaphore, Signal::GO);
    Switch.positions(_, switchPosition);
    SwitchPosition.route(switchPosition, route);
    Switch.currentPosition(_, currentPosition);
    SwitchPosition.position(switchPosition, currentPosition);
}","pattern goRouteMisalignedSwitch(route: Route){
    Route.entry(route, semaphore);
    Semaphore.signal(semaphore, Signal::GO);
    Route.follows(route, switchPosition);
    SwitchPosition.target(switchPosition, switch);
    Switch.currentPosition(switch, currentPosition);
    SwitchPosition.position(switchPosition, position);
    check(currentPosition != position);
}","pattern goRouteMisalignedSwitch(route: Route){
    Route.entry(route, semaphore);
    Semaphore.signal(semaphore, Signal::GO);
    Route.follows(route, switchPosition);
    SwitchPosition.target(switchPosition, switch);
    Switch.currentPosition(switch, currentPosition);
    SwitchPosition.position(switchPosition, position);
    check(currentPosition != position);
}","pattern goRouteMisalignedSwitch(route: Route){
    Route.entry(route, entrySemaphore);
    Semaphore.signal(entrySemaphore, Signal::GO);
    Switch.positions(_, switchPosition);
    SwitchPosition.position(switchPosition, currentPosition);
    Switch.currentPosition(_, currentPosition);
}",False,96,"[false, true, false, false, true]","[false, false, false, false, false]"
1,find,trainbenchmark-tool-viatra-patterns/src/hu/bme/mit/trainbenchmark/benchmark/viatra/ConnectedSegments.vql,Six segments monitored by with the same sensor. Each segment is connected to the next one.,"pattern connectedSegments6(sensor : Sensor, segment1 : Segment, segment2 : Segment, segment3 : Segment, segment4 : Segment, segment5 : Segment, segment6 : Segment){","pattern connectedSegments6(sensor : Sensor, segment1 : Segment, segment2 : Segment, segment3 : Segment, segment4 : Segment, segment5 : Segment, segment6 : Segment){
    find connectedSegmentWithSameMonitor(segment1, segment2, sensor);
    find connectedSegmentWithSameMonitor(segment2, segment3, sensor);
    find connectedSegmentWithSameMonitor(segment3, segment4, sensor);
    find connectedSegmentWithSameMonitor(segment4, segment5, sensor);
    find connectedSegmentWithSameMonitor(segment5, segment6, sensor);

}
pattern connectedSegmentWithSameMonitor(segment1: Segment, segment2: Segment, sensor: Sensor){
    Segment.connectsTo(segment1,segment2);
    Segment.monitoredBy(segment1,sensor);
    Segment.monitoredBy(segment2,sensor);
}","pattern connectedSegments6(sensor : Sensor, segment1 : Segment, segment2 : Segment, segment3 : Segment, segment4 : Segment, segment5 : Segment, segment6 : Segment){
    Sensor.monitors(sensor, segment1);
    Sensor.monitors(sensor, segment2);
    Sensor.monitors(sensor, segment3);
    Sensor.monitors(sensor, segment4);
    Sensor.monitors(sensor, segment5);
    Sensor.monitors(sensor, segment6);
    Segment.length(segment1, length1);
    Segment.length(segment2, length2);
    Segment.length(segment3, length3);
    Segment.length(segment4, length4);
    Segment.length(segment5, length5);
    Segment.length(segment6, length6);
    segment1 != segment2;
    segment1 != segment3;
    segment1 != segment4;
    segment1 != segment5;
    segment1 != segment6;
    segment2 != segment3;
    segment2 != segment4;
    segment2 != segment5;
    segment2 != segment6;
    segment3 != segment4;
    segment3 != segment5;
    segment3 != segment6;
    segment4 != segment5;
    segment4 != segment6;
    segment5 != segment6;
    segment1.connectsTo(segment2,_);
    segment2.connectsTo(segment3,_);
    segment3.connectsTo(segment4,_);
    segment4.connectsTo(segment5,_);
    segment5.connectsTo(segment6,_);
}","pattern connectedSegments6(sensor : Sensor, segment1 : Segment, segment2 : Segment, segment3 : Segment, segment4 : Segment, segment5 : Segment, segment6 : Segment){
    Sensor.monitors(sensor, segment1);
    Sensor.monitors(sensor, segment2);
    Sensor.monitors(sensor, segment3);
    Sensor.monitors(sensor, segment4);
    Sensor.monitors(sensor, segment5);
    Sensor.monitors(sensor, segment6);
    Segment.length(segment1, length1);
    Segment.length(segment2, length2);
    Segment.length(segment3, length3);
    Segment.length(segment4, length4);
    Segment.length(segment5, length5);
    Segment.length(segment6, length6);
    check(length1 == length2);
    check(length2 == length3);
    check(length3 == length4);
    check(length4 == length5);
    check(length5 == length6);
    TrackElement.connectsTo(segment1, segment2);
    TrackElement.connectsTo(segment2, segment3);
    TrackElement.connectsTo(segment3, segment4);
    TrackElement.connectsTo(segment4, segment5);
    TrackElement.connectsTo(segment5, segment6);
}","pattern connectedSegments6(sensor : Sensor, segment1 : Segment, segment2 : Segment, segment3 : Segment, segment4 : Segment, segment5 : Segment, segment6 : Segment){
    Sensor.monitors(sensor, segment1);
    Sensor.monitors(sensor, segment2);
    Sensor.monitors(sensor, segment3);
    Sensor.monitors(sensor, segment4);
    Sensor.monitors(sensor, segment5);
    Sensor.monitors(sensor, segment6);
    Segment.connectsTo(segment1, segment2);
    Segment.connectsTo(segment2, segment3);
    Segment.connectsTo(segment3, segment4);
    Segment.connectsTo(segment4, segment5);
    Segment.connectsTo(segment5, segment6);
}","pattern connectedSegments6(sensor : Sensor, segment1 : Segment, segment2 : Segment, segment3 : Segment, segment4 : Segment, segment5 : Segment, segment6 : Segment){
    Sensor.monitors(sensor, segment1);
    Sensor.monitors(sensor, segment2);
    Sensor.monitors(sensor, segment3);
    Sensor.monitors(sensor, segment4);
    Sensor.monitors(sensor, segment5);
    Sensor.monitors(sensor, segment6);
    Segment.connectsTo(segment1, segment2);
    Segment.connectsTo(segment2, segment3);
    Segment.connectsTo(segment3, segment4);
    Segment.connectsTo(segment4, segment5);
    Segment.connectsTo(segment5, segment6);
}","pattern connectedSegments6(sensor : Sensor, segment1 : Segment, segment2 : Segment, segment3 : Segment, segment4 : Segment, segment5 : Segment, segment6 : Segment){
    Sensor.monitors(sensor, segment1);
    Sensor.monitors(sensor, segment2);
    Sensor.monitors(sensor, segment3);
    Sensor.monitors(sensor, segment4);
    Sensor.monitors(sensor, segment5);
    Sensor.monitors(sensor, segment6);
    Segment.connectsTo(segment1, segment2);
    Segment.connectsTo(segment2, segment3);
    Segment.connectsTo(segment3, segment4);
    Segment.connectsTo(segment4, segment5);
    Segment.connectsTo(segment5, segment6);
}",True,74883,"[false, true, true, true, true]","[false, false, true, true, true]"
2,or,,Semaphores with STOP or GO signals.,pattern stopOrGo(semaphore: Semaphore){,"pattern stopOrGo(semaphore: Semaphore){
    Semaphore.signal(semaphore, Signal::GO);
} or {
    Semaphore.signal(semaphore, Signal::STOP);
}","pattern stopOrGo(semaphore: Semaphore){
    Semaphore.signal(semaphore, Signal::STOP);
} or {
    Semaphore.signal(semaphore, Signal::GO);
}","pattern stopOrGo(semaphore: Semaphore){
    Semaphore.signal(semaphore, Signal::STOP);
} or {
    Semaphore.signal(semaphore, Signal::GO);
}","pattern stopOrGo(semaphore: Semaphore){
    Semaphore.signal(semaphore, Signal::STOP);
} or {
    Semaphore.signal(semaphore, Signal::GO);
}","pattern stopOrGo(semaphore: Semaphore){
    Semaphore.signal(semaphore, Signal::STOP);
} or {
    Semaphore.signal(semaphore, Signal::GO);
}","pattern stopOrGo(semaphore: Semaphore){
    Semaphore.signal(semaphore, Signal::STOP);
} or {
    Semaphore.signal(semaphore, Signal::GO);
}",True,914,"[true, true, true, true, true]","[true, true, true, true, true]"
3,or,,TrackElements that are either connected or monitored by the same sensor.,"pattern relatedTrackElements(track1: TrackElement, track2: TrackElement){","pattern relatedTrackElements(track1: TrackElement, track2: TrackElement){
    TrackElement.monitoredBy(track1, sensor);
    TrackElement.monitoredBy(track2, sensor);
} or {
    TrackElement.connectsTo(track1,track2);
}","pattern relatedTrackElements(track1: TrackElement, track2: TrackElement){
    TrackElement.connectsTo(track1, track2);
} or {
    Sensor.monitoredBy(_, track1);
    Sensor.monitoredBy(_, track2);
}","pattern relatedTrackElements(track1: TrackElement, track2: TrackElement){
    TrackElement.connectsTo(track1, track2);
} or {
    Sensor.monitoredBy(_, track1);
    Sensor.monitoredBy(_, track2);
}","pattern relatedTrackElements(track1: TrackElement, track2: TrackElement){
    TrackElement.connectsTo(track1, track2);
} or {
    Sensor.monitors(sensor, track1);
    Sensor.monitors(sensor, track2);
}","pattern relatedTrackElements(track1: TrackElement, track2: TrackElement){
    TrackElement.connectsTo(track1, track2);
} or {
    Sensor.monitors(sensor, track1);
    Sensor.monitors(sensor, track2);
}","pattern relatedTrackElements(track1: TrackElement, track2: TrackElement){
    TrackElement.connectsTo(track1, track2);
} or {
    Sensor.monitoredBy(sensor, track1);
    Sensor.monitoredBy(sensor, track2);
}",True,46011,"[false, false, true, true, false]","[false, false, true, true, false]"
4,neg,trainbenchmark-tool-viatra-patterns/src/hu/bme/mit/trainbenchmark/benchmark/viatra/SwitchMonitored.vql,Switches not monitored by a sensor.,pattern switchNotMonitored(sw : Switch){,"pattern switchNotMonitored(sw : Switch){
    neg find hasSensor(sw);
}
//auxiliary pattern
pattern hasSensor(sw : Switch){
    TrackElement.monitoredBy(sw, _);
}","pattern switchNotMonitored(sw : Switch){
    neg find sensorMonitored(sw, _);
}

//Auxiliary pattern
pattern sensorMonitored(sw : Switch, sensor : Sensor){
    Switch.monitors(sw, sensor);
}","pattern switchNotMonitored(sw : Switch){
    neg find sensorMonitored(_, sw);
}

//Auxiliary pattern
pattern sensorMonitored(sensor : Sensor, switch : Switch){
    Sensor.monitors(sensor, switch);
}","pattern switchNotMonitored(sw : Switch){
    neg find sensorMonitoredSwitch(sw, _);
}

//Auxiliary pattern
pattern sensorMonitoredSwitch(sw : Switch, sensor : Sensor){
    Switch.monitors(sw, sensor);
}","pattern switchNotMonitored(sw : Switch){
    Switch.monitors(sw, _);
    neg find sensorMonitored(_, sw);
}

//Auxiliary pattern
pattern sensorMonitored(sensor : Sensor, switch : Switch){
    Sensor.monitors(sensor, switch);
}","pattern switchNotMonitored(sw : Switch){
    neg find sensorMonitorsSwitch(sw, _);
}

//Auxiliary pattern
pattern sensorMonitorsSwitch(sw : Switch, sensor : Sensor){
    Sensor.monitors(sensor, sw);
}",True,316,"[false, false, false, false, true]","[false, false, false, false, true]"
5,neg,trainbenchmark-tool-viatra-patterns/src/hu/bme/mit/trainbenchmark/benchmark/viatra/RouteSensor.vql,Retrieve sensors that monitor a switch. The switch position that target that switch is followed by a route. That sensor is not required by the route.,"pattern notRequiredRouteSensor(route : Route, sensor : Sensor, swP : SwitchPosition, sw : Switch){","pattern notRequiredRouteSensor(route : Route, sensor : Sensor, swP : SwitchPosition, sw : Switch){
    Route.follows(route, swP);
    SwitchPosition.target(swP, sw);
    TrackElement.monitoredBy(sw, sensor);
    neg find required(sensor, route);
}
//auxiliary pattern
pattern required(sensor : Sensor, route : Route){
    Route.requires(route, sensor);
}","pattern notRequiredRouteSensor(route : Route, sensor : Sensor, swP : SwitchPosition, sw : Switch){
    Route.requires(route, sensor);
    SwitchPosition.target(swP, sw);
    Switch.follows(sw, swP);
    Route.entry(route, _);
    neg find requiredRouteSensor(route, sensor, swP, sw);
}

//Auxiliary pattern
pattern requiredRouteSensor(route : Route, sensor : Sensor, swP : SwitchPosition, sw : Switch){
    Route.requires(route, sensor);
    SwitchPosition.target(swP, sw);
    Route.entry(route, _);
}","pattern notRequiredRouteSensor(route : Route, sensor : Sensor, swP : SwitchPosition, sw : Switch){
    Route.requires(route, sensor);
    SwitchPosition.route(swP, route);
    Switch(sw);
    Switch.currentPosition(sw, Position::DIVERGING);
    SwitchPosition.target(swP, sw);
    SwitchPosition.route(swP, route);
    neg find requiresSensor(sensor, route);
}

//Auxiliary pattern
pattern requiresSensor(sensor : Sensor, route : Route){
    Sensor.monitors(sensor, _);
    Route.requires(route, sensor);
}","pattern notRequiredRouteSensor(route : Route, sensor : Sensor, swP : SwitchPosition, sw : Switch){
    Route.requires(route, sensor);
    Switch.positions(sw, swP);
    SwitchPosition.route(swP, route);
    SwitchPosition.target(swP, sw);
    neg find requiredSensor(sensor);
}

//Auxiliary pattern
pattern requiredSensor(sensor : Sensor){
    Sensor.monitors(sensor, _);
}","pattern notRequiredRouteSensor(route : Route, sensor : Sensor, swP : SwitchPosition, sw : Switch){
    Route.requires(route, sensor);
    SwitchPosition.route(swP, route);
    Switch.currentPosition(sw, Position::STRAIGHT);
    SwitchPosition.target(swP, sw);
    Route.entry(route, _);
    neg find requiredRouteSensor(route, sensor);
}

//Auxiliary pattern
pattern requiredRouteSensor(route : Route, sensor : Sensor){
    Route.requires(route, sensor);
}","pattern notRequiredRouteSensor(route : Route, sensor : Sensor, swP : SwitchPosition, sw : Switch){
    Sensor.monitors(sensor, sw);
    SwitchPosition.target(swP, sw);
    SwitchPosition.route(swP, route);
    Route.requires(route, sensor);
}",False,2699,"[false, true, true, true, true]","[false, false, false, false, false]"
6,agg,,Total length of segments.,pattern totalLength(length: java Integer){,"pattern totalLength(length: java Integer){
    length == sum find segmentLength(_,#);
}
pattern segmentLength(segment: Segment, length: java Integer){
    Segment.length(segment, length);
}","pattern totalLength(length: java Integer){
    find totalLengthOfSegments(_, length);
}

//Auxiliary pattern
pattern totalLengthOfSegments(segment: Segment, total: java Integer){
    total == total + Segment.length(segment, _);
}","pattern totalLength(length: java Integer){
    find totalLengthOfSegments(_, length);
}

//Auxiliary pattern
pattern totalLengthOfSegments(segment: Segment, total: java Integer){
    total == total + Segment.length(segment, _);
}","pattern totalLength(length: java Integer){
    find totalLengthOfSegments(_, length);
}

//Auxiliary pattern
pattern totalLengthOfSegments(segment: Segment, total: java Integer){
    total == total + Segment.length(segment, _);
}","pattern totalLength(length: java Integer){
    length == sum find lengthOfSegment(_);
}

//Auxiliary pattern
pattern lengthOfSegment(segment: Segment){
    Segment.length(segment, length);
}","pattern totalLength(length: java Integer){
    length == sum find segment(_);
}

//Auxiliary pattern
pattern segment(segment: Segment){
    Segment(segment);
}",False,612,"[false, false, false, false, false]","[false, false, false, false, false]"
7,agg,,Track elements monitored by at lest two sensors.,pattern monitoredBy2Sensors(track: TrackElement){,"pattern monitoredBy2Sensors(track: TrackElement){
    cnt == count find trackMonitoredBy(track, _);
    check(cnt >= 2);
}
pattern trackMonitoredBy(track: TrackElement, sensor: Sensor){
    TrackElement.monitoredBy(track, sensor);
}","pattern monitoredBy2Sensors(track: TrackElement){
    cnt == count find sensorsMonitoredBy(_, track);
    check(cnt>=2);
}

//Auxiliary pattern
pattern sensorsMonitoredBy(sensor: Sensor, track: TrackElement){
    Sensor.monitors(sensor, track);
}","pattern monitoredBy2Sensors(track: TrackElement){
    cnt == count find sensorsMonitoredBy(track, _);
    check(cnt>=2);
}

//Auxiliary pattern
pattern sensorsMonitoredBy(track: TrackElement, sensor: Sensor){
    Sensor.monitors(sensor, track);
}","pattern monitoredBy2Sensors(track: TrackElement){
    cnt == count find sensorsMonitoredBy(track, _);
    check(cnt>=2);
}

//Auxiliary pattern
pattern sensorsMonitoredBy(track: TrackElement, sensor: Sensor){
    Sensor.monitors(sensor, track);
}","pattern monitoredBy2Sensors(track: TrackElement){
    cnt == count find sensorsMonitoredBy(track, _);
    check(cnt>=2);
}

//Auxiliary pattern
pattern sensorsMonitoredBy(track: TrackElement, sensor: Sensor){
    Sensor.monitors(sensor, track);
}","pattern monitoredBy2Sensors(track: TrackElement){
    cnt == count find sensorsMonitoredBy(track, _);
    check(cnt>=2);
}

//Auxiliary pattern
pattern sensorsMonitoredBy(track: TrackElement, sensor: Sensor){
    Sensor.monitors(sensor, track);
}",True,4931,"[true, true, true, true, true]","[true, true, true, true, true]"
8,type,,RailwayElements that are either Switches or SwitchPositions.,pattern switchOrSwitchPositionRailwayElemements(raliway: RailwayElement){,"pattern switchOrSwitchPositionRailwayElemements(raliway: RailwayElement){
    Switch(raliway);
} or {
    SwitchPosition(raliway);
}","pattern switchOrSwitchPositionRailwayElemements(raliway: RailwayElement){
    Switch(raliway);
} or {
    SwitchPosition(raliway);
}","pattern switchOrSwitchPositionRailwayElemements(raliway: RailwayElement){
    Switch(raliway);
} or {
    SwitchPosition(raliway);
}","pattern switchOrSwitchPositionRailwayElemements(raliway: RailwayElement){
    Switch(raliway);
} or {
    SwitchPosition(raliway);
}","pattern switchOrSwitchPositionRailwayElemements(raliway: RailwayElement){
    Switch(raliway);
} or {
    SwitchPosition(raliway);
}","pattern switchOrSwitchPositionRailwayElemements(raliway: RailwayElement){
    Switch(raliway);
} or {
    SwitchPosition(raliway);
}",True,3118,"[true, true, true, true, true]","[true, true, true, true, true]"
9,type,,Railway elements that are Switches.,pattern switchRailwayElements(railway: RailwayElement){,"pattern switchRailwayElements(railway: RailwayElement){
    Switch(railway);
}","pattern switchRailwayElements(railway: RailwayElement){
    Switch(railway);
}","pattern switchRailwayElements(railway: RailwayElement){
    Switch(railway);
}","pattern switchRailwayElements(railway: RailwayElement){
    Switch(railway);
}","pattern switchRailwayElements(railway: RailwayElement){
    Switch(railway);
}","pattern switchRailwayElements(railway: RailwayElement){
    Switch(railway);
}",True,1902,"[true, true, true, true, true]","[true, true, true, true, true]"
10,normal,,Active routes with entry GO semaphore.,pattern goActiveRoute(route: Route){,"pattern goActiveRoute(route: Route){
    Route.active(route,true);
    Route.entry(route, semaphore);
    Semaphore.signal(semaphore, Signal::GO);    
}","pattern goActiveRoute(route: Route){
    Route.entry(route, semaphore);
    Semaphore.signal(semaphore, Signal::GO);
    Route.active(route, true);
}","pattern goActiveRoute(route: Route){
    Route.entry(route, Semaphore);
    Semaphore.signal(Semaphore, Signal::GO);
}","pattern goActiveRoute(route: Route){
    Route.entry(route, Semaphore);
    Semaphore.signal(Semaphore, Signal::GO);
    Route.active(route, true);
}","pattern goActiveRoute(route: Route){
    Route.entry(route, semaphore);
    Semaphore.signal(semaphore, Signal::GO);
    Route.active(route, true);
}","pattern goActiveRoute(route: Route){
    Route.active(route, true);
    Route.entry(route, Semaphore);
    Semaphore.signal(Semaphore, Signal::GO);
}",True,138,"[true, true, true, true, true]","[true, false, true, true, true]"
11,normal,trainbenchmark-tool-viatra-patterns/src/hu/bme/mit/trainbenchmark/benchmark/viatra/PosLength.vql,Retrieve all segments whose lengths are less or equal than zero.,pattern posLength(segment : Segment){,"pattern posLength(segment : Segment){
    Segment.length(segment, length);
    check(length <= 0);
}","pattern posLength(segment : Segment){
    Segment.length(segment, length);
    check(length <= 0);
}","pattern posLength(segment : Segment){
    Segment.length(segment, length);
    check(length <= 0);
}","pattern posLength(segment : Segment){
    Segment.length(segment, length);
    check(length <= 0);
}","pattern posLength(segment : Segment){
    Segment.length(segment, length);
    check(length <= 0);
}","pattern posLength(segment : Segment){
    Segment.length(segment, length);
    check(length <= 0);
}",True,2576,"[true, true, true, true, true]","[true, true, true, true, true]"
12,normal,,SwitchPositions where the target Switch's current position is different from the SwitchPosition's position.,pattern misalignedSwitchPosition(swP : SwitchPosition){,"pattern misalignedSwitchPosition(swP : SwitchPosition){
    SwitchPosition.target(swP, sw);
    SwitchPosition.position(swP, swpPosition);
    Switch.currentPosition(sw, swCurrentPosition);
    swpPosition != swCurrentPosition;
}","pattern misalignedSwitchPosition(swP : SwitchPosition){
    SwitchPosition.target(swP, target);
    Switch.currentPosition(target, currentPos);
    SwitchPosition.position(swP, position);
    check(currentPos != position);
}","pattern misalignedSwitchPosition(swP : SwitchPosition){
    SwitchPosition.target(swP, target);
    SwitchPosition.position(swP, position);
    Switch.currentPosition(target, currentPosition);
    check(currentPosition != position);
}","pattern misalignedSwitchPosition(swP : SwitchPosition){
    SwitchPosition.target(swP, target);
    Switch.currentPosition(target, currentPos);
    SwitchPosition.position(swP, pos);
    check(currentPos != pos);
}","pattern misalignedSwitchPosition(swP : SwitchPosition){
    SwitchPosition.target(swP, target);
    Switch.currentPosition(target, currentPosition);
    SwitchPosition.position(swP, position);
    check(currentPosition != position);
}","pattern misalignedSwitchPosition(swP : SwitchPosition){
    SwitchPosition.target(swP, targetSwitch);
    Switch.currentPosition(targetSwitch, currentPosition);
    SwitchPosition.position(swP, position);
    check(currentPosition != position);
}",True,773,"[true, true, true, true, true]","[true, true, true, true, true]"
13,mix,,"Regions where the sum of segments lengths is at least 50, or regions with at least 10 sensors.",pattern bigRegion(region: Region){,"pattern bigRegion(region: Region){
    length == sum find trackLengthInRegion(region, _,#);
    check(length >= 50);
} or {
    cnt == count find sensorInRegion(region, _);
    check(cnt >= 10);
}
pattern trackLengthInRegion(region: Region, track: Segment, length: EInt){
    Region.elements(region,track);
    Segment.length(track,length);
}
pattern sensorInRegion(region:Region, sensor: Sensor){
    Region.sensors(region,sensor);
}","pattern bigRegion(region: Region){
    Region.elements(region, element);
    Segment(element);
    Segment.length(element, length);
    check(length >= 50);
} or {
    Region.sensors(region, sensor);
    Sensor(sensor);
    check(Region.elements(region, element) && Segment(element));
    Segment.length(element, length);
    check(length >= 10);
}","pattern bigRegion(region: Region){
    Region.elements(region, element);
    Segment(element);
    Region.sensors(region, _);
    Region.elements(region, _);
    Region.sensors(region, _);
} or {
    Region.elements(region, _);
    Region.sensors(region, _);
    Region.elements(region, _);
    Region.sensors(region, _);
}","pattern bigRegion(region: Region){
    Region.elements(region, element);
    Segment(element);
    Region.sensors(region, sensor);
    Sensor.monitors(sensor, element);
    Region.id(region, id);
    check(id >= 10);
} or {
    Region.sensors(region, sensor);
    Sensor.monitors(sensor, element);
    Segment(element);
    Segment.length(element, length);
    check(length >= 50);
}","pattern bigRegion(region: Region){
    Region.elements(region, element);
    Segment(element);
    Region.sensors(region, _);
    Region.elements(region, element);
    Segment(element);
    Region.sensors(region, _);
    Region.elements(region, element);
    Segment(element);
    Region.sensors(region, _);
    Region.elements(region, element);
    Segment(element);
    Region.sensors(region, _);
    Region.elements(region, element);
    Segment(element);
    Region.sensors(region, _);
    Region.elements(region, element);
    Segment(element);
    Region.sensors(region, _);
    Region.elements(region, element);
    Segment(element);
    Region.sensors(region, _);
    Region.elements(region, element);
    Segment(element);
    Region.sensors(region, _);
    Region.elements(region, element);
    Segment(element);
    Region.sensors(region, _);
    Region.elements(region, element);
    Segment(element);
    Region.sensors(region, _);
    Region.elements(region, element);
    Segment(element);
    Region.sensors(region, _);
    Region.elements(region, element);
    Segment(element);
    Region.sensors(region, _);
    Region.elements(region, element);
    Segment(element);
    Region.sensors(region, _);
    Region.elements(region, element);
    Segment(element);
    Region.sensors(region, _);
    Region.elements(region, element);
    Segment(element);
    Region.sensors(region, _);
    Region.elements(region, element);
    Segment(element);
    Region.sensors(region, _);
    Region.elements(region, element);
    Segment(element);
    Region.sensors(region, _);
    Region.elements(region, element);
    Segment(element);
    Region.sensors(region, _);
    Region.elements(region, element","pattern bigRegion(region: Region){
    Region.elements(region, element);
    find sumSegmentsLength(region, _, length);
    check(length >= 50);
} or {
    Region.sensors(region, sensor);
    cntSensors == count find sensorsInRegion(region, _);
    check(cntSensors >= 10);
}

//Auxiliary pattern
pattern sumSegmentsLength(region: Region, segment: Segment, length: EInt){
    length = sum find getLengthOfSegment(segment, _);
}

//Auxiliary pattern
pattern getLengthOfSegment(segment: Segment, length: EInt){
    Segment.length(segment, length);
}

//Auxiliary pattern
pattern sensorsInRegion(region: Region, sensor: Sensor){
    Region.sensors(region, sensor);
}",False,576,"[false, true, true, false, false]","[false, false, false, false, false]"
14,mix,,Segments that are at least 7 units long or are switches.,pattern sevenSegmentOrSwitch(track: TrackElement){,"pattern sevenSegmentOrSwitch(track: TrackElement){
    Switch(track);
} or {
    Segment.length(track, length);
    check(length >= 7);
}","pattern sevenSegmentOrSwitch(track: TrackElement){
    Segment.length(track,length);
    check(length>=7);
} or {
    Switch(track);
}","pattern sevenSegmentOrSwitch(track: TrackElement){
    Segment.length(track,length);
    check(length>=7);
} or {
    Switch(track);
}","pattern sevenSegmentOrSwitch(track: TrackElement){
    Segment.length(track,length);
    check(length>=7);
} or {
    Switch(track);
}","pattern sevenSegmentOrSwitch(track: TrackElement){
    Segment.length(track,length);
    check(length>=7);
} or {
    Switch(track);
}","pattern sevenSegmentOrSwitch(track: TrackElement){
    Segment.length(track,length);
    check(length>=7);
} or {
    Switch(track);
}",True,3160,"[true, true, true, true, true]","[true, true, true, true, true]"
15,mix,,Active route whose entry is a GO semaphore but not monitored by any sensor.,pattern dangerousRoute(route: Route){,"pattern dangerousRoute(route: Route){
        find activeRouteWithGO(route);
        neg find routeMonitroedBy(route,_);
}
pattern routeMonitroedBy(route: Route, sensor: Sensor){
    Route.requires(route, sensor);
}
pattern activeRouteWithGO(route: Route){
    Route.active(route, true);
    Route.entry(route, entry);
    Semaphore.signal(entry, ::GO);
}","pattern dangerousRoute(route: Route){
    Route.entry(route, Semaphore::GO);
    neg find sensorMonitors(route, _);
}

//Auxiliary pattern
pattern sensorMonitors(route: Route, sensor: Sensor){
    Route.requires(route, sensor);
    Sensor.monitors(sensor, _);
}","pattern dangerousRoute(route: Route){
    Route.entry(route, Semaphore::GO);
    neg find monitoredBySensor(route, _);
}

//Auxiliary pattern
pattern monitoredBySensor(route: Route, sensor: Sensor){
    Route.requires(route, sensor);
    Sensor.monitors(sensor, _);
}","pattern dangerousRoute(route: Route){
    Route.entry(route, Semaphore::GO);
    neg find monitoredBySensor(route, _);
}

//Auxiliary pattern
pattern monitoredBySensor(route: Route, sensor: Sensor){
    Route.requires(route, sensor);
}","pattern dangerousRoute(route: Route){
    Route.entry(route, Semaphore::GO);
    neg find sensorMonitored(route, _);
}

//Auxiliary pattern
pattern sensorMonitored(route: Route, sensor: Sensor){
    Route.requires(route, sensor);
}","pattern dangerousRoute(route: Route){
    Route.entry(route, Semaphore::GO);
    neg find hasSensor(route);
}

//Auxiliary pattern
pattern hasSensor(route: Route){
    Route.requires(route, sensor);
    Sensor.monitors(sensor,_);
}",False,49,"[false, false, false, false, false]","[false, false, false, false, false]"
16,neg,https://github.com/ftsrg/trainbenchmark/blob/master/trainbenchmark-tool-viatra-patterns/src/hu/bme/mit/trainbenchmark/benchmark/viatra/SemaphoreNeighbor.vql,"Two different routes where the exit semaphore of a route is not the entry semaphore of the other. Each route requires a sensor, and the sensors monitor connected tracks.","pattern semaphoreNeighbor(semaphore: Semaphore, route1: Route, route2: Route, sensor1: Sensor, sensor2: Sensor, te1: TrackElement, te2: TrackElement){","pattern semaphoreNeighbor(semaphore: Semaphore, route1: Route, route2: Route, sensor1: Sensor, sensor2: Sensor, te1: TrackElement, te2: TrackElement){
       Route.exit(route1, semaphore);
	Route.requires(route1, sensor1);
	TrackElement.monitoredBy(te1, sensor1);
	TrackElement.connectsTo(te1, te2);
	TrackElement.monitoredBy(te2, sensor2);
	Route.requires(route2, sensor2);
	
	neg find entrySemaphore(route2, semaphore);

	route1 != route2;
}

pattern entrySemaphore(route: Route, semaphore: Semaphore)
{
	Route.entry(route, semaphore);
}","pattern semaphoreNeighbor(semaphore: Semaphore, route1: Route, route2: Route, sensor1: Sensor, sensor2: Sensor, te1: TrackElement, te2: TrackElement){
    Semaphore.signal(semaphore, Signal::GO);
    Route.entry(route1, entry);
    Route.exit(route2, exit);
    Sensor.monitors(sensor1, te1);
    Sensor.monitors(sensor2, te2);
    Route.requires(route1, sensor1);
    Route.requires(route2, sensor2);
    Semaphore.signal(entry, Signal::FAILURE);
    Semaphore.signal(exit, Signal::FAILURE);
} or {
    Semaphore.signal(semaphore, Signal::STOP);
    Route.entry(route1, entry);
    Route.exit(route2, exit);
    Sensor.monitors(sensor1, te1);
    Sensor.monitors(sensor2, te2);
    Route.requires(route1, sensor1);
    Route.requires(route2, sensor2);
    Semaphore.signal(entry, Signal::STOP);
    Semaphore.signal(exit, Signal::FAILURE);
}","pattern semaphoreNeighbor(semaphore: Semaphore, route1: Route, route2: Route, sensor1: Sensor, sensor2: Sensor, te1: TrackElement, te2: TrackElement){
    Semaphore.signal(semaphore, Signal::FAILURE);
    Route.entry(route1, entry);
    Route.exit(route2, exit);
    Sensor.monitors(sensor1, te1);
    Sensor.monitors(sensor2, te2);
    Route.requires(route1, sensor1);
    Route.requires(route2, sensor2);
    Semaphore.signal(entry, Signal::FAILURE);
    Semaphore.signal(exit, Signal::GO);
}","pattern semaphoreNeighbor(semaphore: Semaphore, route1: Route, route2: Route, sensor1: Sensor, sensor2: Sensor, te1: TrackElement, te2: TrackElement){
    route1 != route2;
    Route.exit(route1, semaphore);
    Route.entry(route2, semaphore);
    Sensor.monitors(sensor1, te1);
    Sensor.monitors(sensor2, te2);
}","pattern semaphoreNeighbor(semaphore: Semaphore, route1: Route, route2: Route, sensor1: Sensor, sensor2: Sensor, te1: TrackElement, te2: TrackElement){
    Semaphore.signal(semaphore, Signal::FAILURE);
    Route.entry(route1, entry);
    Route.exit(route2, exit);
    Sensor.monitors(sensor1, te1);
    Sensor.monitors(sensor2, te2);
    route1 != route2;
}","pattern semaphoreNeighbor(semaphore: Semaphore, route1: Route, route2: Route, sensor1: Sensor, sensor2: Sensor, te1: TrackElement, te2: TrackElement){
    Semaphore.signal(semaphore, Signal::FAILURE);
    Route.exit(route1, exit1);
    Route.entry(route2, entry2);
    Sensor.monitors(sensor1, te1);
    Sensor.monitors(sensor2, te2);
    entry1 != exit2;
}",False,6,"[true, true, true, true, false]","[false, false, false, false, false]"
